Raw Text,Date,High Temp (F),Low Temp (F),Wind Direction,Wind Speed (mph),Wind Gusting (mph),Pressure (hPa)
"InSight sol 265 (2019-08-25) low -99.4ºC (-146.9ºF) high -26.3ºC (-15.3ºF)
winds from the SSE at 5.3 m/s (12.0 mph) gusting to 16.1 m/s (35.9 mph)
pressure at 7.50 hPapic.twitter.com/9YLawm67zS",2019-08-25,9.8,-146.9,SSE,12.0,35.9,7.50
"InSight sol 264 (2019-08-24) low -101.0ºC (-149.7ºF) high -26.7ºC (-16.1ºF)
winds from the SW at 4.4 m/s (9.9 mph) gusting to 17.4 m/s (38.9 mph)
pressure at 7.60 hPapic.twitter.com/xIytu1MnDG",2019-08-24,9.8,-149.7,SW,9.9,38.9,7.60
"InSight sol 263 (2019-08-23) low -100.9ºC (-149.6ºF) high -27.2ºC (-17.0ºF)
winds from the SW at 4.1 m/s (9.2 mph) gusting to 18.3 m/s (40.9 mph)
pressure at 7.60 hPa",2019-08-23,9.8,-149.6,SW,9.2,40.9,7.60
"InSight sol 262 (2019-08-22) low -101.3ºC (-150.3ºF) high -26.4ºC (-15.6ºF)
winds from the SSE at 4.2 m/s (9.4 mph) gusting to 15.8 m/s (35.3 mph)
pressure at 7.60 hPa",2019-08-22,9.8,-150.3,SSE,9.4,35.3,7.60
"InSight sol 261 (2019-08-21) low -102.4ºC (-152.4ºF) high -26.6ºC (-15.8ºF)
winds from the SSE at 4.9 m/s (11.0 mph) gusting to 16.0 m/s (35.8 mph)
pressure at 7.70 hPapic.twitter.com/MhPPOHJg3m",2019-08-21,9.8,-152.4,SSE,11.0,35.8,7.70
"InSight sol 260 (2019-08-20) low -101.7ºC (-151.1ºF) high -28.6ºC (-19.5ºF)
pressure at 7.60 hPa",2019-08-20,9.8,-151.1,,,,7.60
"InSight sol 259 (2019-08-19) low -101.0ºC (-149.8ºF) high -27.1ºC (-16.9ºF)
winds from the SW at 4.3 m/s (9.6 mph) gusting to 17.6 m/s (39.4 mph)
pressure at 7.60 hPa",2019-08-19,9.8,-149.8,SW,9.6,39.4,7.60
"InSight sol 258 (2019-08-18) low -100.0ºC (-148.1ºF) high -26.2ºC (-15.2ºF)
winds from the SSE at 5.3 m/s (11.9 mph) gusting to 16.8 m/s (37.6 mph)
pressure at 7.60 hPapic.twitter.com/5nCVjcsmlZ",2019-08-18,9.8,-148.1,SSE,11.9,37.6,7.60
"InSight sol 257 (2019-08-17) low -100.2ºC (-148.4ºF) high -26.5ºC (-15.7ºF)
winds from the SSE at 4.4 m/s (9.8 mph) gusting to 17.1 m/s (38.2 mph)
pressure at 7.60 hPapic.twitter.com/hBQzJWARH0",2019-08-17,9.8,-148.4,SSE,9.8,38.2,7.60
"InSight sol 256 (2019-08-16) low -101.7ºC (-151.1ºF) high -25.6ºC (-14.2ºF)
winds from the SW at 4.2 m/s (9.4 mph) gusting to 17.9 m/s (40.0 mph)
pressure at 7.60 hPa",2019-08-16,9.8,-151.1,SW,9.4,40.0,7.60
"InSight sol 255 (2019-08-15) low -100.1ºC (-148.1ºF) high -24.7ºC (-12.4ºF)
winds from the SSW at 4.5 m/s (10.0 mph) gusting to 17.3 m/s (38.6 mph)
pressure at 7.60 hPa",2019-08-15,9.8,-148.1,SSW,10.0,38.6,7.60
"InSight sol 254 (2019-08-14) low -99.3ºC (-146.7ºF) high -25.9ºC (-14.6ºF)
winds from the SE at 4.9 m/s (10.9 mph) gusting to 18.1 m/s (40.5 mph)
pressure at 7.60 hPa",2019-08-14,9.8,-146.7,SE,10.9,40.5,7.60
"InSight sol 253 (2019-08-13) low -100.0ºC (-148.1ºF) high -25.5ºC (-13.9ºF)
winds from the SSE at 4.6 m/s (10.3 mph) gusting to 16.4 m/s (36.6 mph)
pressure at 7.60 hPapic.twitter.com/OnwaHAaYRH",2019-08-13,9.8,-148.1,SSE,10.3,36.6,7.60
"InSight sol 252 (2019-08-12) low -100.8ºC (-149.4ºF) high -26.0ºC (-14.8ºF)
winds from the SSW at 4.4 m/s (9.8 mph) gusting to 18.3 m/s (40.9 mph)
pressure at 7.60 hPapic.twitter.com/WY3JQBXVuU",2019-08-12,9.8,-149.4,SSW,9.8,40.9,7.60
"InSight sol 251 (2019-08-11) low -101.0ºC (-149.7ºF) high -26.5ºC (-15.8ºF)
winds from the SSE at 4.1 m/s (9.2 mph) gusting to 17.5 m/s (39.1 mph)
pressure at 7.60 hPapic.twitter.com/9mgFzHl8t3",2019-08-11,9.8,-149.7,SSE,9.2,39.1,7.60
"InSight sol 250 (2019-08-10) low -100.0ºC (-148.1ºF) high -26.2ºC (-15.1ºF)
winds from the SSE at 4.4 m/s (9.8 mph) gusting to 16.2 m/s (36.2 mph)
pressure at 7.60 hPapic.twitter.com/9sZRRUi3dm",2019-08-10,9.8,-148.1,SSE,9.8,36.2,7.60
"InSight sol 249 (2019-08-09) low -98.8ºC (-145.8ºF) high -26.0ºC (-14.8ºF)
winds from the SSE at 4.4 m/s (9.8 mph) gusting to 17.5 m/s (39.1 mph)
pressure at 7.60 hPapic.twitter.com/jDOsvHTwYg",2019-08-09,9.8,-145.8,SSE,9.8,39.1,7.60
"InSight sol 249 (2019-08-09) low -98.8ºC (-145.8ºF) high -26.0ºC (-14.8ºF)
winds from the SSE at 4.4 m/s (9.8 mph) gusting to 17.5 m/s (39.1 mph)
pressure at 7.60 hPapic.twitter.com/jDOsvHTwYg",2019-08-09,9.8,-145.8,SSE,9.8,39.1,7.60
"InSight sol 249 (2019-08-09) low -98.8ºC (-145.8ºF) high -26.0ºC (-14.8ºF)
winds from the SSE at 4.4 m/s (9.8 mph) gusting to 17.5 m/s (39.1 mph)
pressure at 7.60 hPapic.twitter.com/jDOsvHTwYg",2019-08-09,9.8,-145.8,SSE,9.8,39.1,7.60
"InSight sol 246 (2019-08-06) low -99.4ºC (-146.8ºF) high -26.5ºC (-15.7ºF)
winds from the SSE at 5.3 m/s (11.7 mph) gusting to 18.1 m/s (40.4 mph)",2019-08-06,9.8,-146.8,SSE,11.7,40.4,
"InSight sol 245 (2019-08-05) low -99.9ºC (-147.8ºF) high -25.6ºC (-14.1ºF)
winds from the SSE at 4.6 m/s (10.2 mph) gusting to 17.7 m/s (39.5 mph)
pressure at 7.60 hPapic.twitter.com/kLqykpNHtR",2019-08-05,9.8,-147.8,SSE,10.2,39.5,7.60
"InSight sol 244 (2019-08-03) low -100.3ºC (-148.6ºF) high -27.1ºC (-16.8ºF)
winds from the SSE at 4.4 m/s (9.9 mph) gusting to 15.9 m/s (35.6 mph)
pressure at 7.60 hPa",2019-08-03,9.8,-148.6,SSE,9.9,35.6,7.60
"InSight sol 243 (2019-08-02) low -99.8ºC (-147.7ºF) high -25.9ºC (-14.7ºF)
winds from the SSE at 4.5 m/s (10.1 mph) gusting to 17.1 m/s (38.2 mph)
pressure at 7.60 hPa",2019-08-02,9.8,-147.7,SSE,10.1,38.2,7.60
"InSight sol 242 (2019-08-01) low -99.1ºC (-146.4ºF) high -26.1ºC (-15.0ºF)
winds from the SW at 4.7 m/s (10.5 mph) gusting to 17.1 m/s (38.2 mph)
pressure at 7.60 hPa",2019-08-01,9.8,-146.4,SW,10.5,38.2,7.60
"InSight sol 241 (2019-07-31) low -100.5ºC (-148.9ºF) high -26.2ºC (-15.2ºF)
winds from the SSE at 4.6 m/s (10.2 mph) gusting to 16.2 m/s (36.2 mph)
pressure at 7.60 hPa",2019-07-31,9.8,-148.9,SSE,10.2,36.2,7.60
"InSight sol 240 (2019-07-30) low -98.5ºC (-145.2ºF) high -25.0ºC (-13.1ºF)
winds from the SW at 4.5 m/s (10.1 mph) gusting to 15.8 m/s (35.3 mph)
pressure at 7.60 hPa",2019-07-30,9.8,-145.2,SW,10.1,35.3,7.60
"InSight sol 239 (2019-07-29) low -98.0ºC (-144.3ºF) high -25.7ºC (-14.3ºF)
winds from the SW at 5.3 m/s (11.8 mph) gusting to 20.4 m/s (45.5 mph)
pressure at 7.60 hPa",2019-07-29,9.8,-144.3,SW,11.8,45.5,7.60
"InSight sol 233 (2019-07-23) low -98.8ºC (-145.9ºF) high -25.7ºC (-14.2ºF)
winds from the SE at 4.6 m/s (10.2 mph) gusting to 16.2 m/s (36.2 mph)
pressure at 7.60 hPapic.twitter.com/ksOXPg28yb",2019-07-23,9.8,-145.9,SE,10.2,36.2,7.60
"InSight sol 230 (2019-07-20) low -99.3ºC (-146.8ºF) high -26.1ºC (-15.0ºF)
winds from the SE at 4.0 m/s (9.0 mph) gusting to 15.2 m/s (34.1 mph)
pressure at 7.60 hPapic.twitter.com/fP2WO4xxjh",2019-07-20,9.8,-146.8,SE,9.0,34.1,7.60
"InSight sol 229 (2019-07-19) low -99.2ºC (-146.6ºF) high -24.7ºC (-12.4ºF)
winds from the SW at 4.0 m/s (9.0 mph) gusting to 14.8 m/s (33.0 mph)
pressure at 7.60 hPapic.twitter.com/WEjGzvCEhb",2019-07-19,9.8,-146.6,SW,9.0,33.0,7.60
"InSight sol 228 (2019-07-18) low -98.7ºC (-145.7ºF) high -25.0ºC (-13.1ºF)
winds from the SSE at 4.2 m/s (9.3 mph) gusting to 14.5 m/s (32.4 mph)
pressure at 7.60 hPa",2019-07-18,9.8,-145.7,SSE,9.3,32.4,7.60
"InSight sol 227 (2019-07-17) low -100.0ºC (-148.0ºF) high -25.4ºC (-13.7ºF)
winds from the SE at 4.2 m/s (9.5 mph) gusting to 15.0 m/s (33.5 mph)
pressure at 7.60 hPa",2019-07-17,9.8,-148.0,SE,9.5,33.5,7.60
"InSight sol 226 (2019-07-16) low -98.0ºC (-144.3ºF) high -25.9ºC (-14.7ºF)
winds from the SSW at 4.1 m/s (9.2 mph) gusting to 14.8 m/s (33.1 mph)
pressure at 7.60 hPa",2019-07-16,9.8,-144.3,SSW,9.2,33.1,7.60
"InSight sol 225 (2019-07-15) low -98.3ºC (-144.9ºF) high -25.0ºC (-12.9ºF)
winds from the SE at 4.2 m/s (9.5 mph) gusting to 15.0 m/s (33.7 mph)
pressure at 7.60 hPa",2019-07-15,9.8,-144.9,SE,9.5,33.7,7.60
"InSight sol 224 (2019-07-14) low -100.8ºC (-149.5ºF) high -25.8ºC (-14.4ºF)
winds from the SSE at 4.2 m/s (9.4 mph) gusting to 14.8 m/s (33.2 mph)
pressure at 7.60 hPa",2019-07-14,9.8,-149.5,SSE,9.4,33.2,7.60
"InSight sol 223 (2019-07-13) low -100.8ºC (-149.4ºF) high -25.5ºC (-13.9ºF)
winds from the SE at 4.3 m/s (9.5 mph) gusting to 17.4 m/s (38.9 mph)
pressure at 7.60 hPa",2019-07-13,9.8,-149.4,SE,9.5,38.9,7.60
"InSight sol 222 (2019-07-12) low -99.7ºC (-147.5ºF) high -24.8ºC (-12.6ºF)
winds from the SSE at 4.2 m/s (9.4 mph) gusting to 15.6 m/s (34.8 mph)
pressure at 7.60 hPapic.twitter.com/8Q8lyB6SjM",2019-07-12,9.8,-147.5,SSE,9.4,34.8,7.60
"InSight sol 221 (2019-07-11) low -99.4ºC (-147.0ºF) high -23.8ºC (-10.9ºF)
winds from the SSE at 4.1 m/s (9.1 mph) gusting to 14.1 m/s (31.6 mph)
pressure at 7.60 hPa",2019-07-11,9.8,-147.0,SSE,9.1,31.6,7.60
"InSight sol 220 (2019-07-10) low -101.2ºC (-150.2ºF) high -25.9ºC (-14.7ºF)
winds from the SSE at 4.1 m/s (9.3 mph) gusting to 16.0 m/s (35.8 mph)
pressure at 7.60 hPa",2019-07-10,9.8,-150.2,SSE,9.3,35.8,7.60
"InSight sol 219 (2019-07-09) low -100.3ºC (-148.5ºF) high -24.9ºC (-12.8ºF)
winds from the SE at 4.5 m/s (10.0 mph) gusting to 16.1 m/s (36.1 mph)
pressure at 7.60 hPapic.twitter.com/zJkUifSPvt",2019-07-09,9.8,-148.5,SE,10.0,36.1,7.60
"InSight sol 218 (2019-07-08) low -100.2ºC (-148.4ºF) high -26.1ºC (-15.1ºF)
winds from the SE at 4.6 m/s (10.2 mph) gusting to 16.0 m/s (35.8 mph)
pressure at 7.60 hPa",2019-07-08,9.8,-148.4,SE,10.2,35.8,7.60
"InSight sol 216 (2019-07-06) low -102.5ºC (-152.5ºF) high -24.9ºC (-12.8ºF)
winds from the SSE at 4.6 m/s (10.2 mph) gusting to 15.8 m/s (35.4 mph)
pressure at 7.60 hPapic.twitter.com/fwGott1wRL",2019-07-06,9.8,-152.5,SSE,10.2,35.4,7.60
"InSight sol 215 (2019-07-05) low -101.7ºC (-151.0ºF) high -25.0ºC (-12.9ºF)
winds from the SSE at 4.2 m/s (9.3 mph) gusting to 14.6 m/s (32.6 mph)
pressure at 7.60 hPa",2019-07-05,9.8,-151.0,SSE,9.3,32.6,7.60
"InSight sol 214 (2019-07-04) low -101.2ºC (-150.1ºF) high -24.7ºC (-12.4ºF)
winds from the SSE at 4.2 m/s (9.4 mph) gusting to 14.5 m/s (32.4 mph)
pressure at 7.60 hPa",2019-07-04,9.8,-150.1,SSE,9.4,32.4,7.60
"InSight sol 213 (2019-07-03) low -102.1ºC (-151.8ºF) high -25.2ºC (-13.3ºF)
winds from the WSW at 4.0 m/s (8.9 mph) gusting to 15.1 m/s (33.8 mph)
pressure at 7.60 hPa",2019-07-03,9.8,-151.8,WSW,8.9,33.8,7.60
"InSight sol 212 (2019-07-02) low -102.1ºC (-151.8ºF) high -24.2ºC (-11.6ºF)
winds from the SSE at 4.3 m/s (9.5 mph) gusting to 15.7 m/s (35.2 mph)
pressure at 7.60 hPapic.twitter.com/nm8kOX6ed2",2019-07-02,9.8,-151.8,SSE,9.5,35.2,7.60
"InSight sol 212 (2019-07-02) low -102.1ºC (-151.8ºF) high -24.2ºC (-11.6ºF)
winds from the SSE at 4.3 m/s (9.5 mph) gusting to 15.7 m/s (35.2 mph)
pressure at 7.60 hPapic.twitter.com/nm8kOX6ed2",2019-07-02,9.8,-151.8,SSE,9.5,35.2,7.60
"InSight sol 212 (2019-07-02) low -102.1ºC (-151.8ºF) high -24.2ºC (-11.6ºF)
winds from the SSE at 4.3 m/s (9.5 mph) gusting to 15.7 m/s (35.2 mph)
pressure at 7.60 hPapic.twitter.com/nm8kOX6ed2",2019-07-02,9.8,-151.8,SSE,9.5,35.2,7.60
"InSight sol 209 (2019-06-28) low -103.0ºC (-153.4ºF) high -23.7ºC (-10.7ºF)
winds from the SSE at 4.3 m/s (9.6 mph) gusting to 15.5 m/s (34.8 mph)
pressure at 7.60 hPa",2019-06-28,9.8,-153.4,SSE,9.6,34.8,7.60
"InSight sol 208 (2019-06-27) low -102.3ºC (-152.2ºF) high -23.7ºC (-10.7ºF)
winds from the SSE at 4.3 m/s (9.7 mph) gusting to 15.4 m/s (34.5 mph)
pressure at 7.60 hPa",2019-06-27,9.8,-152.2,SSE,9.7,34.5,7.60
"InSight sol 207 (2019-06-26) low -103.9ºC (-155.1ºF) high -25.0ºC (-12.9ºF)
winds from the SE at 4.3 m/s (9.5 mph) gusting to 15.8 m/s (35.4 mph)
pressure at 7.60 hPa",2019-06-26,9.8,-155.1,SE,9.5,35.4,7.60
"InSight sol 206 (2019-06-25) low -103.5ºC (-154.2ºF) high -25.3ºC (-13.5ºF)
winds from the SE at 4.3 m/s (9.6 mph) gusting to 15.6 m/s (34.8 mph)
pressure at 7.60 hPapic.twitter.com/lqcwvVG0c9",2019-06-25,9.8,-154.2,SE,9.6,34.8,7.60
"InSight sol 205 (2019-06-24) low -103.9ºC (-155.1ºF) high -24.9ºC (-12.8ºF)
winds from the SSE at 4.3 m/s (9.7 mph) gusting to 15.9 m/s (35.5 mph)
pressure at 7.60 hPa",2019-06-24,9.8,-155.1,SSE,9.7,35.5,7.60
"InSight sol 204 (2019-06-23) low -104.1ºC (-155.5ºF) high -25.3ºC (-13.6ºF)
winds from the W at 4.3 m/s (9.6 mph) gusting to 15.3 m/s (34.1 mph)
pressure at 7.60 hPa",2019-06-23,9.8,-155.5,W,9.6,34.1,7.60
"InSight sol 203 (2019-06-22) low -104.0ºC (-155.2ºF) high -25.7ºC (-14.3ºF)
winds from the SSE at 4.0 m/s (8.9 mph) gusting to 14.6 m/s (32.6 mph)
pressure at 7.60 hPa",2019-06-22,9.8,-155.2,SSE,8.9,32.6,7.60
"InSight sol 202 (2019-06-21) low -103.3ºC (-154.0ºF) high -24.4ºC (-11.8ºF)
winds from the SSE at 4.4 m/s (9.8 mph) gusting to 15.4 m/s (34.4 mph)
pressure at 7.60 hPa",2019-06-21,9.8,-154.0,SSE,9.8,34.4,7.60
"InSight sol 201 (2019-06-20) low -103.3ºC (-153.9ºF) high -24.0ºC (-11.2ºF)
winds from the SSE at 4.2 m/s (9.5 mph) gusting to 16.1 m/s (36.0 mph)
pressure at 7.60 hPa",2019-06-20,9.8,-153.9,SSE,9.5,36.0,7.60
"InSight sol 200 (2019-06-19) low -104.3ºC (-155.8ºF) high -24.6ºC (-12.3ºF)
winds from the SSE at 4.2 m/s (9.3 mph) gusting to 15.6 m/s (34.8 mph)
pressure at 7.60 hPa",2019-06-19,9.8,-155.8,SSE,9.3,34.8,7.60
"InSight sol 198 (2019-06-17) low -104.8ºC (-156.6ºF) high -24.7ºC (-12.4ºF)
winds from the SSE at 4.0 m/s (8.9 mph) gusting to 15.5 m/s (34.6 mph)
pressure at 7.60 hPapic.twitter.com/YQcWLlcAy3",2019-06-17,9.8,-156.6,SSE,8.9,34.6,7.60
"InSight sol 197 (2019-06-16) low -105.2ºC (-157.4ºF) high -23.3ºC (-9.9ºF)
winds from the SSE at 4.1 m/s (9.2 mph) gusting to 15.9 m/s (35.6 mph)
pressure at 7.60 hPapic.twitter.com/FslJFt8muB",2019-06-16,9.8,-157.4,SSE,9.2,35.6,7.60
"InSight sol 196 (2019-06-15) low -105.3ºC (-157.5ºF) high -22.3ºC (-8.1ºF)
winds from the W at 4.4 m/s (9.8 mph) gusting to 15.8 m/s (35.5 mph)
pressure at 7.60 hPa",2019-06-15,9.8,-157.5,W,9.8,35.5,7.60
"InSight sol 195 (2019-06-14) low -105.6ºC (-158.1ºF) high -23.8ºC (-10.8ºF)
winds from the SSE at 4.3 m/s (9.7 mph) gusting to 14.5 m/s (32.5 mph)
pressure at 7.60 hPapic.twitter.com/3LNNz5uXCd",2019-06-14,9.8,-158.1,SSE,9.7,32.5,7.60
"InSight sol 194 (2019-06-13) low -104.4ºC (-155.9ºF) high -23.5ºC (-10.3ºF)
winds from the SSE at 4.5 m/s (10.0 mph) gusting to 17.0 m/s (38.1 mph)
pressure at 7.60 hPa",2019-06-13,9.8,-155.9,SSE,10.0,38.1,7.60
"InSight sol 193 (2019-06-12) low -103.7ºC (-154.7ºF) high -23.0ºC (-9.4ºF)
winds from the SSE at 4.4 m/s (9.8 mph) gusting to 15.7 m/s (35.1 mph)
pressure at 7.60 hPapic.twitter.com/EhemsIhPLv",2019-06-12,9.8,-154.7,SSE,9.8,35.1,7.60
"InSight sol 192 (2019-06-11) low -104.9ºC (-156.8ºF) high -23.6ºC (-10.6ºF)
winds from the W at 4.3 m/s (9.7 mph) gusting to 15.4 m/s (34.4 mph)
pressure at 7.60 hPapic.twitter.com/qacCeZLc6e",2019-06-11,9.8,-156.8,W,9.7,34.4,7.60
"InSight sol 191 (2019-06-10) low -104.9ºC (-156.9ºF) high -21.6ºC (-6.9ºF)
winds from the SSE at 4.4 m/s (9.9 mph) gusting to 15.2 m/s (33.9 mph)
pressure at 7.60 hPa",2019-06-10,9.8,-156.9,SSE,9.9,33.9,7.60
"InSight sol 190 (2019-06-09) low -104.1ºC (-155.3ºF) high -22.5ºC (-8.5ºF)
winds from the SSE at 4.6 m/s (10.3 mph) gusting to 16.6 m/s (37.1 mph)
pressure at 7.60 hPapic.twitter.com/Z6vS1S8RJo",2019-06-09,9.8,-155.3,SSE,10.3,37.1,7.60
"InSight sol 189 (2019-06-08) low -102.2ºC (-152.0ºF) high -22.4ºC (-8.3ºF)
winds from the SSE at 4.7 m/s (10.5 mph) gusting to 16.5 m/s (36.9 mph)
pressure at 7.60 hPa",2019-06-08,9.8,-152.0,SSE,10.5,36.9,7.60
"InSight sol 188 (2019-06-07) low -102.5ºC (-152.6ºF) high -21.9ºC (-7.4ºF)
winds from the SSE at 4.8 m/s (10.8 mph) gusting to 15.6 m/s (35.0 mph)
pressure at 7.60 hPapic.twitter.com/ocUTA1rgaU",2019-06-07,9.8,-152.6,SSE,10.8,35.0,7.60
"InSight sol 187 (2019-06-06) low -102.8ºC (-153.1ºF) high -21.9ºC (-7.5ºF)
winds from the SSE at 4.4 m/s (9.8 mph) gusting to 16.1 m/s (36.1 mph)
pressure at 7.60 hPa",2019-06-06,9.8,-153.1,SSE,9.8,36.1,7.60
"InSight sol 186 (2019-06-05) low -101.7ºC (-151.0ºF) high -21.8ºC (-7.2ºF)
winds from the SSE at 4.6 m/s (10.3 mph) gusting to 16.2 m/s (36.3 mph)
pressure at 7.60 hPa",2019-06-05,9.8,-151.0,SSE,10.3,36.3,7.60
"InSight sol 185 (2019-06-04) low -100.7ºC (-149.3ºF) high -21.2ºC (-6.2ºF)
winds from the W at 4.5 m/s (10.1 mph) gusting to 15.3 m/s (34.3 mph)
pressure at 7.60 hPa",2019-06-04,9.8,-149.3,W,10.1,34.3,7.60
"InSight sol 184 (2019-06-03) low -101.3ºC (-150.4ºF) high -22.1ºC (-7.7ºF)
winds from the W at 4.5 m/s (10.0 mph) gusting to 15.2 m/s (33.9 mph)
pressure at 7.60 hPapic.twitter.com/9e75FL7Fj5",2019-06-03,9.8,-150.4,W,10.0,33.9,7.60
"InSight sol 183 (2019-06-02) low -101.1ºC (-150.0ºF) high -22.3ºC (-8.2ºF)
winds from the SSE at 4.9 m/s (11.1 mph) gusting to 15.2 m/s (33.9 mph)
pressure at 7.60 hPapic.twitter.com/X7ISVrTgLY",2019-06-02,9.8,-150.0,SSE,11.1,33.9,7.60
"InSight sol 182 (2019-06-01) low -99.7ºC (-147.5ºF) high -22.6ºC (-8.7ºF)
winds from the SSE at 5.7 m/s (12.7 mph) gusting to 15.9 m/s (35.5 mph)
pressure at 7.50 hPapic.twitter.com/NmzIAqOiDG",2019-06-01,9.8,-147.5,SSE,12.7,35.5,7.50
"InSight sol 181 (2019-05-31) low -100.6ºC (-149.1ºF) high -20.7ºC (-5.3ºF)
winds from the SW at 5.1 m/s (11.3 mph) gusting to 14.9 m/s (33.3 mph)
pressure at 7.50 hPapic.twitter.com/li2rdNRsJx",2019-05-31,9.8,-149.1,SW,11.3,33.3,7.50
"InSight sol 180 (2019-05-30) low -101.1ºC (-149.9ºF) high -21.8ºC (-7.2ºF)
winds from the S at 4.7 m/s (10.5 mph) gusting to 14.7 m/s (32.9 mph)
pressure at 7.50 hPapic.twitter.com/nkAZ6rX9xE",2019-05-30,9.8,-149.9,S,10.5,32.9,7.50
"InSight sol 179 (2019-05-29) low -101.0ºC (-149.8ºF) high -21.5ºC (-6.6ºF)
winds from the SW at 4.8 m/s (10.8 mph) gusting to 14.5 m/s (32.4 mph)
pressure at 7.50 hPapic.twitter.com/nWS2m2GBsM",2019-05-29,9.8,-149.8,SW,10.8,32.4,7.50
"InSight sol 178 (2019-05-28) low -101.1ºC (-150.0ºF) high -23.0ºC (-9.5ºF)
winds from the SW at 4.8 m/s (10.8 mph) gusting to 15.0 m/s (33.5 mph)
pressure at 7.50 hPapic.twitter.com/4Ejlnu9Kam",2019-05-28,9.8,-150.0,SW,10.8,33.5,7.50
"InSight sol 177 (2019-05-27) low -100.7ºC (-149.2ºF) high -21.3ºC (-6.4ºF)
winds from the SW at 4.2 m/s (9.5 mph) gusting to 17.1 m/s (38.2 mph)
pressure at 7.50 hPapic.twitter.com/lMkrj33O50",2019-05-27,9.8,-149.2,SW,9.5,38.2,7.50
"InSight sol 176 (2019-05-26) low -100.3ºC (-148.6ºF) high -19.9ºC (-3.9ºF)
winds from the W at 4.2 m/s (9.5 mph) gusting to 15.9 m/s (35.6 mph)
pressure at 7.50 hPapic.twitter.com/rI1XSUC5yf",2019-05-26,9.8,-148.6,W,9.5,35.6,7.50
"InSight sol 174 (2019-05-24) low -101.1ºC (-149.9ºF) high -21.3ºC (-6.4ºF)
winds from the SW at 4.3 m/s (9.6 mph) gusting to 16.3 m/s (36.5 mph)
pressure at 7.50 hPapic.twitter.com/7XARGO6DS6",2019-05-24,9.8,-149.9,SW,9.6,36.5,7.50
"InSight sol 171 (2019-05-21) low -100.5ºC (-148.8ºF) high -20.9ºC (-5.7ºF)
winds from the SW at 4.9 m/s (11.0 mph) gusting to 14.8 m/s (33.2 mph)
pressure at 7.50 hPa",2019-05-21,9.8,-148.8,SW,11.0,33.2,7.50
"InSight sol 170 (2019-05-20) low -100.9ºC (-149.6ºF) high -21.2ºC (-6.1ºF)
winds from the SW at 4.7 m/s (10.5 mph) gusting to 14.6 m/s (32.6 mph)
pressure at 7.50 hPapic.twitter.com/md3upbYmBI",2019-05-20,9.8,-149.6,SW,10.5,32.6,7.50
"InSight sol 169 (2019-05-18) low -100.6ºC (-149.1ºF) high -17.6ºC (0.4ºF)
winds from the S at 4.6 m/s (10.2 mph) gusting to 15.5 m/s (34.7 mph)
pressure at 7.50 hPapic.twitter.com/QKbNMc35Ia",2019-05-18,9.8,-149.1,S,10.2,34.7,7.50
"InSight sol 168 (2019-05-17) low -100.5ºC (-148.9ºF) high -19.6ºC (-3.3ºF)
winds from the SW at 4.5 m/s (10.1 mph) gusting to 12.6 m/s (28.1 mph)
pressure at 7.50 hPa",2019-05-17,9.8,-148.9,SW,10.1,28.1,7.50
"InSight sol 167 (2019-05-17) low -100.5ºC (-148.9ºF) high -20.4ºC (-4.6ºF)
winds from the SW at 4.7 m/s (10.6 mph) gusting to 13.5 m/s (30.3 mph)
pressure at 7.50 hPapic.twitter.com/0Eqt9nN21o",2019-05-17,9.8,-148.9,SW,10.6,30.3,7.50
"InSight sol 166 (2019-05-15) low -100.5ºC (-148.8ºF) high -20.5ºC (-4.8ºF)
winds from the W at 4.2 m/s (9.4 mph) gusting to 11.7 m/s (26.2 mph)
pressure at 7.50 hPa",2019-05-15,9.8,-148.8,W,9.4,26.2,7.50
"InSight sol 165 (2019-05-15) low -100.3ºC (-148.6ºF) high -18.2ºC (-0.7ºF)
winds from the SW at 4.6 m/s (10.4 mph) gusting to 13.7 m/s (30.6 mph)
pressure at 7.50 hPapic.twitter.com/7NMgdAkFA8",2019-05-15,9.8,-148.6,SW,10.4,30.6,7.50
"InSight sol 164 (2019-05-13) low -100.0ºC (-147.9ºF) high -16.6ºC (2.1ºF)
winds from the W at 4.1 m/s (9.1 mph) gusting to 15.1 m/s (33.7 mph)
pressure at 7.50 hPapic.twitter.com/XqV9CJUUoa",2019-05-13,9.8,-147.9,W,9.1,33.7,7.50
"InSight sol 163 (2019-05-13) low -99.9ºC (-147.7ºF) high -17.7ºC (0.2ºF)
winds from the SW at 4.3 m/s (9.7 mph) gusting to 15.2 m/s (34.0 mph)
pressure at 7.50 hPapic.twitter.com/qtElTnSRJj",2019-05-13,9.8,-147.7,SW,9.7,34.0,7.50
"InSight sol 162 (2019-05-12) low -100.2ºC (-148.3ºF) high -20.3ºC (-4.5ºF)
winds from the SW at 4.5 m/s (10.1 mph) gusting to 14.3 m/s (32.0 mph)
pressure at 7.50 hPapic.twitter.com/23uEPf5baF",2019-05-12,9.8,-148.3,SW,10.1,32.0,7.50
"InSight sol 161 (2019-05-11) low -98.6ºC (-145.5ºF) high -19.5ºC (-3.0ºF)
winds from the SSE at 4.8 m/s (10.7 mph) gusting to 15.2 m/s (34.0 mph)
pressure at 7.50 hPapic.twitter.com/dWgg2eD22v",2019-05-11,9.8,-145.5,SSE,10.7,34.0,7.50
"InSight sol 160 (2019-05-09) low -99.5ºC (-147.0ºF) high -19.4ºC (-2.8ºF)
winds from the W at 4.2 m/s (9.3 mph) gusting to 13.5 m/s (30.3 mph)
pressure at 7.40 hPapic.twitter.com/OX6H1whWDC",2019-05-09,9.8,-147.0,W,9.3,30.3,7.40
"InSight sol 159 (2019-05-08) low -100.3ºC (-148.5ºF) high -21.6ºC (-6.9ºF)
winds from the SW at 4.6 m/s (10.4 mph) gusting to 15.3 m/s (34.2 mph)
pressure at 7.40 hPapic.twitter.com/rg5UKl8dLc",2019-05-08,9.8,-148.5,SW,10.4,34.2,7.40
"InSight sol 158 (2019-05-07) low -99.7ºC (-147.5ºF) high -21.8ºC (-7.2ºF)
winds from the SSE at 4.8 m/s (10.7 mph) gusting to 13.6 m/s (30.4 mph)
pressure at 7.50 hPapic.twitter.com/8SrPjAhpGZ",2019-05-07,9.8,-147.5,SSE,10.7,30.4,7.50
"InSight sol 157 (2019-05-06) low -100.2ºC (-148.4ºF) high -18.4ºC (-1.2ºF)
winds from the W at 4.1 m/s (9.2 mph) gusting to 14.6 m/s (32.7 mph)
pressure at 7.40 hPapic.twitter.com/R6BliV8xpj",2019-05-06,9.8,-148.4,W,9.2,32.7,7.40
"InSight sol 156 (2019-05-05) low -99.2ºC (-146.6ºF) high -18.1ºC (-0.6ºF)
winds from the SW at 4.7 m/s (10.5 mph) gusting to 13.8 m/s (30.8 mph)
pressure at 7.40 hPapic.twitter.com/FlGDeYg8hi",2019-05-05,9.8,-146.6,SW,10.5,30.8,7.40
"InSight sol 155 (2019-05-04) low -99.3ºC (-146.8ºF) high -18.8ºC (-1.8ºF)
winds from the SW at 4.5 m/s (10.1 mph) gusting to 14.3 m/s (31.9 mph)
pressure at 7.40 hPapic.twitter.com/wEcSHS2b3u",2019-05-04,9.8,-146.8,SW,10.1,31.9,7.40
"InSight sol 154 (2019-05-03) low -97.6ºC (-143.7ºF) high -17.2ºC (1.0ºF)
winds from the SW at 4.5 m/s (10.0 mph) gusting to 13.1 m/s (29.2 mph)
pressure at 7.40 hPapic.twitter.com/0KZXlbiuXO",2019-05-03,9.8,-143.7,SW,10.0,29.2,7.40
"InSight sol 153 (2019-05-02) low -98.5ºC (-145.3ºF) high -17.5ºC (0.6ºF)
winds from the SW at 4.7 m/s (10.5 mph) gusting to 11.9 m/s (26.6 mph)
pressure at 7.40 hPapic.twitter.com/5RdVDek7mh",2019-05-02,9.8,-145.3,SW,10.5,26.6,7.40
"InSight sol 152 (2019-05-01) low -98.1ºC (-144.5ºF) high -17.2ºC (1.0ºF)
winds from the SW at 4.8 m/s (10.7 mph) gusting to 13.2 m/s (29.5 mph)
pressure at 7.40 hPapic.twitter.com/zJGo11uNF1",2019-05-01,9.8,-144.5,SW,10.7,29.5,7.40
"InSight sol 151 (2019-04-30) low -97.1ºC (-142.8ºF) high -17.5ºC (0.4ºF)
winds from the W at 4.1 m/s (9.2 mph) gusting to 12.3 m/s (27.5 mph)
pressure at 7.40 hPapic.twitter.com/SQsvKRWwHz",2019-04-30,9.8,-142.8,W,9.2,27.5,7.40
"InSight sol 150 (2019-04-29) low -98.5ºC (-145.3ºF) high -20.4ºC (-4.6ºF)
winds from the SW at 4.6 m/s (10.4 mph) gusting to 14.4 m/s (32.1 mph)
pressure at 7.40 hPapic.twitter.com/Sn17diwg2t",2019-04-29,9.8,-145.3,SW,10.4,32.1,7.40
"InSight sol 149 (2019-04-28) low -98.8ºC (-145.8ºF) high -19.5ºC (-3.0ºF)
winds from the SW at 4.6 m/s (10.2 mph) gusting to 14.2 m/s (31.7 mph)
pressure at 7.40 hPapic.twitter.com/IaUxdVEgb7",2019-04-28,9.8,-145.8,SW,10.2,31.7,7.40
"InSight sol 148 (2019-04-27) low -99.1ºC (-146.4ºF) high -18.2ºC (-0.7ºF)
winds from the W at 4.2 m/s (9.3 mph) gusting to 14.3 m/s (31.9 mph)
pressure at 7.40 hPapic.twitter.com/v0syJv5akT",2019-04-27,9.8,-146.4,W,9.3,31.9,7.40
"InSight sol 147 (2019-04-26) low -98.4ºC (-145.2ºF) high -23.5ºC (-10.3ºF)
winds from the W at 3.7 m/s (8.3 mph) gusting to 11.7 m/s (26.2 mph)
pressure at 7.40 hPapic.twitter.com/nZJCvAtZpU",2019-04-26,9.8,-145.2,W,8.3,26.2,7.40
"InSight sol 146 (2019-04-25) low -98.6ºC (-145.4ºF) high -17.7ºC (0.1ºF)
winds from the W at 4.2 m/s (9.4 mph) gusting to 11.6 m/s (25.9 mph)
pressure at 7.40 hPapic.twitter.com/rkhzt342gr",2019-04-25,9.8,-145.4,W,9.4,25.9,7.40
"InSight sol 145 (2019-04-24) low -98.1ºC (-144.6ºF) high -19.3ºC (-2.8ºF)
winds from the SW at 4.4 m/s (9.8 mph) gusting to 11.6 m/s (26.1 mph)
pressure at 7.40 hPapic.twitter.com/aNZiH2H1Pm",2019-04-24,9.8,-144.6,SW,9.8,26.1,7.40
"InSight sol 144 (2019-04-23) low -98.7ºC (-145.7ºF) high -17.6ºC (0.4ºF)
winds from the SW at 4.2 m/s (9.5 mph) gusting to 11.1 m/s (24.8 mph)
pressure at 7.40 hPapic.twitter.com/ZbFNWx1Eq6",2019-04-23,9.8,-145.7,SW,9.5,24.8,7.40
"InSight sol 143 (2019-04-22) low -98.0ºC (-144.3ºF) high -19.8ºC (-3.7ºF)
winds from the SW at 4.5 m/s (10.1 mph) gusting to 12.1 m/s (27.2 mph)
pressure at 7.40 hPapic.twitter.com/EOazNkJqjD",2019-04-22,9.8,-144.3,SW,10.1,27.2,7.40
"InSight sol 142 (2019-04-21) low -97.5ºC (-143.5ºF) high -18.4ºC (-1.2ºF)
winds from the W at 4.2 m/s (9.3 mph) gusting to 14.8 m/s (33.1 mph)
pressure at 7.40 hPa",2019-04-21,9.8,-143.5,W,9.3,33.1,7.40
"InSight sol 141 (2019-04-20) low -98.3ºC (-144.9ºF) high -19.7ºC (-3.5ºF)
winds from the SW at 4.7 m/s (10.6 mph) gusting to 12.9 m/s (28.8 mph)
pressure at 7.40 hPapic.twitter.com/CQr1QQt3cM",2019-04-20,9.8,-144.9,SW,10.6,28.8,7.40
"InSight sol 140 (2019-04-19) low -98.6ºC (-145.5ºF) high -18.0ºC (-0.4ºF)
winds from the W at 4.0 m/s (8.9 mph) gusting to 14.2 m/s (31.8 mph)
pressure at 7.40 hPapic.twitter.com/4YBCvCijXM",2019-04-19,9.8,-145.5,W,8.9,31.8,7.40
"InSight sol 139 (2019-04-18) low -97.6ºC (-143.7ºF) high -18.1ºC (-0.6ºF)
winds from the SW at 4.2 m/s (9.4 mph) gusting to 12.2 m/s (27.2 mph)
pressure at 7.30 hPa",2019-04-18,9.8,-143.7,SW,9.4,27.2,7.30
"InSight sol 139 (2019-04-18) low -97.6ºC (-143.7ºF) high -18.1ºC (-0.6ºF)
winds from the SW at 4.2 m/s (9.4 mph) gusting to 12.2 m/s (27.2 mph)
pressure at 7.30 hPa",2019-04-18,9.8,-143.7,SW,9.4,27.2,7.30
"InSight sol 139 (2019-04-18) low -97.6ºC (-143.7ºF) high -18.1ºC (-0.6ºF)
winds from the SW at 4.2 m/s (9.4 mph) gusting to 12.2 m/s (27.2 mph)
pressure at 7.30 hPa",2019-04-18,9.8,-143.7,SW,9.4,27.2,7.30
"InSight sol 136 (2019-04-14) low -97.3ºC (-143.2ºF) high -16.5ºC (2.4ºF)
winds from the WNW at 4.3 m/s (9.6 mph) gusting to 10.8 m/s (24.2 mph)
pressure at 7.30 hPapic.twitter.com/OJFvEUR8OR",2019-04-14,9.8,-143.2,WNW,9.6,24.2,7.30
"InSight sol 135 (2019-04-13) low -96.5ºC (-141.8ºF) high -16.6ºC (2.2ºF)
winds from the SW at 4.2 m/s (9.4 mph) gusting to 11.3 m/s (25.3 mph)
pressure at 7.30 hPapic.twitter.com/bRsLlzn4M0",2019-04-13,9.8,-141.8,SW,9.4,25.3,7.30
"InSight sol 134 (2019-04-12) low -98.4ºC (-145.1ºF) high -18.2ºC (-0.8ºF)
pressure at 7.30 hPapic.twitter.com/1DE7KRn8xy",2019-04-12,9.8,-145.1,,,,7.30
"InSight sol 133 (2019-04-11) low -96.8ºC (-142.3ºF) high -15.7ºC (3.8ºF)
winds from the W at 4.2 m/s (9.3 mph) gusting to 11.7 m/s (26.2 mph)
pressure at 7.30 hPapic.twitter.com/kmh5FXGbBL",2019-04-11,9.8,-142.3,W,9.3,26.2,7.30
"InSight sol 132 (2019-04-10) low -97.7ºC (-143.8ºF) high -16.3ºC (2.7ºF)
winds from the SW at 4.3 m/s (9.5 mph) gusting to 12.2 m/s (27.3 mph)
pressure at 7.30 hPapic.twitter.com/lW713h6MMh",2019-04-10,9.8,-143.8,SW,9.5,27.3,7.30
"InSight sol 131 (2019-04-09) low -98.2ºC (-144.8ºF) high -15.6ºC (3.8ºF)
winds from the WNW at 4.1 m/s (9.1 mph) gusting to 11.6 m/s (26.0 mph)
pressure at 7.30 hPapic.twitter.com/g5upn7bkE5",2019-04-09,9.8,-144.8,WNW,9.1,26.0,7.30
"InSight sol 130 (2019-04-08) low -98.0ºC (-144.4ºF) high -15.5ºC (4.1ºF)
winds from the SW at 4.1 m/s (9.3 mph) gusting to 11.7 m/s (26.2 mph)
pressure at 7.30 hPapic.twitter.com/awJfx8w2YE",2019-04-08,9.8,-144.4,SW,9.3,26.2,7.30
"InSight sol 129 (2019-04-07) low -97.7ºC (-143.9ºF) high -16.7ºC (1.9ºF)
winds from the SW at 4.1 m/s (9.1 mph) gusting to 11.9 m/s (26.7 mph)
pressure at 7.30 hPapic.twitter.com/UbKB6hFeoI",2019-04-07,9.8,-143.9,SW,9.1,26.7,7.30
"InSight sol 128 (2019-04-06) low -97.5ºC (-143.6ºF) high -15.5ºC (4.1ºF)
winds from the SW at 4.1 m/s (9.3 mph) gusting to 13.6 m/s (30.4 mph)
pressure at 7.30 hPa",2019-04-06,9.8,-143.6,SW,9.3,30.4,7.30
"InSight sol 127 (2019-04-05) low -96.6ºC (-141.9ºF) high -16.8ºC (1.8ºF)
winds from the SW at 4.2 m/s (9.3 mph) gusting to 11.2 m/s (25.0 mph)
pressure at 7.30 hPapic.twitter.com/wky4Uf2fyY",2019-04-05,9.8,-141.9,SW,9.3,25.0,7.30
"InSight sol 126 (2019-04-04) low -97.0ºC (-142.7ºF) high -17.0ºC (1.3ºF)
winds from the SW at 4.0 m/s (8.8 mph) gusting to 10.7 m/s (23.9 mph)
pressure at 7.30 hPapic.twitter.com/yIkUgwaoIc",2019-04-04,9.8,-142.7,SW,8.8,23.9,7.30
"InSight sol 125 (2019-04-03) low -97.2ºC (-143.0ºF) high -16.8ºC (1.7ºF)
winds from the SW at 4.0 m/s (8.9 mph) gusting to 11.7 m/s (26.2 mph)
pressure at 7.30 hPapic.twitter.com/ht1lEraC6M",2019-04-03,9.8,-143.0,SW,8.9,26.2,7.30
"InSight sol 124 (2019-04-02) low -97.9ºC (-144.2ºF) high -16.7ºC (2.0ºF)
winds from the SW at 4.0 m/s (9.0 mph) gusting to 11.8 m/s (26.3 mph)
pressure at 7.30 hPapic.twitter.com/5qlTMQUtJW",2019-04-02,9.8,-144.2,SW,9.0,26.3,7.30
"InSight sol 119 (2019-03-28) low -97.4ºC (-143.3ºF) high -15.0ºC (4.9ºF)
winds from the SW at 4.0 m/s (9.0 mph) gusting to 9.9 m/s (22.2 mph)
pressure at 7.30 hPapic.twitter.com/d5nSamjabl",2019-03-28,9.8,-143.3,SW,9.0,22.2,7.30
"InSight sol 118 (2019-03-27) low -96.3ºC (-141.4ºF) high -16.3ºC (2.7ºF)
winds from the WNW at 4.2 m/s (9.3 mph) gusting to 11.5 m/s (25.7 mph)
pressure at 7.30 hPa",2019-03-27,9.8,-141.4,WNW,9.3,25.7,7.30
"InSight sol 117 (2019-03-26) low -107.3ºC (-161.1ºF) high -17.1ºC (1.2ºF)
pressure at 7.30 hPa",2019-03-26,9.8,-161.1,,,,7.30
"InSight sol 116 (2019-03-25) low -96.2ºC (-141.2ºF) high -16.3ºC (2.7ºF)
pressure at 7.20 hPa",2019-03-25,9.8,-141.2,,,,7.20
"InSight sol 115 (2019-03-24) low -96.0ºC (-140.7ºF) high -15.5ºC (4.1ºF)
pressure at 7.30 hPapic.twitter.com/01vh3kQISH",2019-03-24,9.8,-140.7,,,,7.30
"InSight sol 114 (2019-03-23) low -96.8ºC (-142.2ºF) high -15.5ºC (4.1ºF)
pressure at 7.30 hPapic.twitter.com/pZKYYDzZST",2019-03-23,9.8,-142.2,,,,7.30
"InSight sol 113 (2019-03-22) low -96.7ºC (-142.0ºF) high -15.3ºC (4.4ºF)
pressure at 7.20 hPapic.twitter.com/5JE8JltO7a",2019-03-22,9.8,-142.0,,,,7.20
"InSight sol 108 (2019-03-17) low -96.1ºC (-140.9ºF) high -14.4ºC (6.1ºF)
winds from the SW at 4.4 m/s (9.9 mph) gusting to 11.5 m/s (25.8 mph)
pressure at 7.20 hPapic.twitter.com/LqIwCDpH7b",2019-03-17,9.8,-140.9,SW,9.9,25.8,7.20
"InSight sol 107 (2019-03-16) low -96.1ºC (-141.0ºF) high -15.8ºC (3.6ºF)
winds from the SW at 4.1 m/s (9.1 mph) gusting to 10.4 m/s (23.3 mph)
pressure at 7.20 hPa",2019-03-16,9.8,-141.0,SW,9.1,23.3,7.20
"InSight sol 106 (2019-03-15) low -96.3ºC (-141.4ºF) high -15.9ºC (3.3ºF)
winds from the SW at 4.1 m/s (9.3 mph) gusting to 12.4 m/s (27.8 mph)
pressure at 7.20 hPapic.twitter.com/OkdWbeg6uw",2019-03-15,9.8,-141.4,SW,9.3,27.8,7.20
"InSight sol 105 (2019-03-14) low -95.7ºC (-140.3ºF) high -14.7ºC (5.6ºF)
winds from the SW at 4.1 m/s (9.3 mph) gusting to 10.3 m/s (23.0 mph)
pressure at 7.20 hPapic.twitter.com/u8mS0qhVJF",2019-03-14,9.8,-140.3,SW,9.3,23.0,7.20
"InSight sol 104 (2019-03-13) low -96.1ºC (-141.0ºF) high -14.4ºC (6.1ºF)
winds from the WNW at 4.2 m/s (9.5 mph) gusting to 11.1 m/s (24.8 mph)
pressure at 7.20 hPapic.twitter.com/kWqcOLSo1I",2019-03-13,9.8,-141.0,WNW,9.5,24.8,7.20
"InSight sol 103 (2019-03-12) low -95.8ºC (-140.4ºF) high -19.1ºC (-2.3ºF)
winds from the WNW at 4.9 m/s (10.9 mph) gusting to 14.0 m/s (31.2 mph)
pressure at 7.20 hPa",2019-03-12,9.8,-140.4,WNW,10.9,31.2,7.20
"InSight sol 102 (2019-03-11) low -96.8ºC (-142.2ºF) high -17.0ºC (1.4ºF)
winds from the SW at 4.8 m/s (10.7 mph) gusting to 12.7 m/s (28.4 mph)
pressure at 7.30 hPapic.twitter.com/gofkoHwwzQ",2019-03-11,9.8,-142.2,SW,10.7,28.4,7.30
"InSight sol 101 (2019-03-10) low -96.5ºC (-141.6ºF) high -14.1ºC (6.7ºF)
winds from the SW at 4.3 m/s (9.6 mph) gusting to 10.6 m/s (23.7 mph)
pressure at 7.20 hPapic.twitter.com/7IHmh2sgj0",2019-03-10,9.8,-141.6,SW,9.6,23.7,7.20
"InSight sol 100 (2019-03-08) low -96.0ºC (-140.8ºF) high -14.3ºC (6.3ºF)
winds from the SW at 4.2 m/s (9.4 mph) gusting to 14.9 m/s (33.3 mph)
pressure at 7.20 hPa",2019-03-08,9.8,-140.8,SW,9.4,33.3,7.20
"InSight sol 99 (2019-03-07) low -95.8ºC (-140.4ºF) high -13.3ºC (8.1ºF)
winds from the SW at 4.2 m/s (9.5 mph) gusting to 12.0 m/s (26.8 mph)
pressure at 7.20 hPapic.twitter.com/XRi0faFSv5",2019-03-07,9.8,-140.4,SW,9.5,26.8,7.20
"InSight sol 98 (2019-03-06) low -94.6ºC (-138.4ºF) high -14.8ºC (5.3ºF)
winds from the SW at 4.1 m/s (9.2 mph) gusting to 10.8 m/s (24.2 mph)
pressure at 7.20 hPa",2019-03-06,9.8,-138.4,SW,9.2,24.2,7.20
"InSight sol 98 (2019-03-06) low -94.6ºC (-138.4ºF) high -14.8ºC (5.3ºF)
winds from the SW at 4.1 m/s (9.2 mph) gusting to 10.8 m/s (24.2 mph)
pressure at 7.20 hPa",2019-03-06,9.8,-138.4,SW,9.2,24.2,7.20
"InSight sol 98 (2019-03-06) low -94.6ºC (-138.4ºF) high -14.8ºC (5.3ºF)
winds from the SW at 4.1 m/s (9.2 mph) gusting to 10.8 m/s (24.2 mph)
pressure at 7.20 hPa",2019-03-06,9.8,-138.4,SW,9.2,24.2,7.20
"InSight sol 96 (2019-03-05) low -95.9ºC (-140.6ºF) high -19.1ºC (-2.4ºF)
pressure at 7.20 hPapic.twitter.com/SFpZrpPEZI",2019-03-05,9.8,-140.6,,,,7.20
"InSight sol 95 (2019-03-03) low -95.2ºC (-139.3ºF) high -15.8ºC (3.6ºF)
winds from the SW at 4.8 m/s (10.8 mph) gusting to 13.2 m/s (29.4 mph)
pressure at 7.20 hPapic.twitter.com/gHDxx6Ij21",2019-03-03,9.8,-139.3,SW,10.8,29.4,7.20
"InSight sol 94 (2019-03-03) low -133.6ºC (-208.4ºF) high -14.4ºC (6.0ºF)
pressure at 7.20 hPa",2019-03-03,9.8,-208.4,,,,7.20
"InSight sol 92 (2019-03-01) low -94.4ºC (-137.9ºF) high -12.9ºC (8.8ºF)
winds from the SW at 4.6 m/s (10.2 mph) gusting to 10.4 m/s (23.2 mph)
pressure at 7.20 hPapic.twitter.com/zxXhRFOwTo",2019-03-01,9.8,-137.9,SW,10.2,23.2,7.20
"InSight sol 91 (2019-02-28) low -95.0ºC (-139.0ºF) high -13.9ºC (7.0ºF)
winds from the SW at 4.2 m/s (9.5 mph) gusting to 14.0 m/s (31.3 mph)
pressure at 7.20 hPapic.twitter.com/yCZi4ZZWYz",2019-02-28,9.8,-139.0,SW,9.5,31.3,7.20
"InSight sol 90 (2019-02-26) low -93.9ºC (-137.0ºF) high -12.1ºC (10.2ºF)
winds from the SW at 4.2 m/s (9.3 mph) gusting to 12.0 m/s (26.9 mph)
pressure at 7.20 hPa",2019-02-26,9.8,-137.0,SW,9.3,26.9,7.20
"InSight sol 89 (2019-02-26) low -95.1ºC (-139.2ºF) high -14.4ºC (6.1ºF)
winds from the SW at 4.3 m/s (9.6 mph) gusting to 12.4 m/s (27.8 mph)
pressure at 7.20 hPapic.twitter.com/h8gODY5bfk",2019-02-26,9.8,-139.2,SW,9.6,27.8,7.20
"InSight sol 88 (2019-02-25) low -95.2ºC (-139.4ºF) high -17.8ºC (0.0ºF)
winds from the SW at 5.2 m/s (11.6 mph) gusting to 19.8 m/s (44.3 mph)
pressure at 7.20 hPapic.twitter.com/1msjBvhiu7",2019-02-25,9.8,-139.4,SW,11.6,44.3,7.20
"InSight sol 87 (2019-02-23) low -94.2ºC (-137.5ºF) high -16.0ºC (3.3ºF)
winds from the WNW at 4.4 m/s (9.7 mph) gusting to 11.7 m/s (26.1 mph)
pressure at 7.20 hPa",2019-02-23,9.8,-137.5,WNW,9.7,26.1,7.20
"InSight sol 86 (2019-02-22) low -95.3ºC (-139.5ºF) high -13.7ºC (7.3ºF)
winds from the SW at 4.1 m/s (9.2 mph) gusting to 13.2 m/s (29.5 mph)
pressure at 7.20 hPa",2019-02-22,9.8,-139.5,SW,9.2,29.5,7.20
"InSight sol 85 (2019-02-21) low -95.7ºC (-140.3ºF) high -16.0ºC (3.1ºF)
winds from the WNW at 4.4 m/s (9.9 mph) gusting to 10.5 m/s (23.5 mph)
pressure at 7.20 hPa",2019-02-21,9.8,-140.3,WNW,9.9,23.5,7.20
"InSight sol 84 (2019-02-20) low -95.1ºC (-139.2ºF) high -13.2ºC (8.3ºF)
winds from the SW at 4.1 m/s (9.3 mph) gusting to 10.8 m/s (24.2 mph)pic.twitter.com/WlR4gr8gpC",2019-02-20,9.8,-139.2,SW,9.3,24.2,
"InSight sol 83 (2019-02-19) low -95.0ºC (-139.0ºF) high -11.7ºC (11.0ºF)
winds from the SW at 4.1 m/s (9.2 mph) gusting to 10.5 m/s (23.6 mph)
pressure at 7.20 hPa",2019-02-19,9.8,-139.0,SW,9.2,23.6,7.20
"InSight sol 82 (2019-02-18) low -94.8ºC (-138.6ºF) high -12.3ºC (9.8ºF)
winds from the SW at 4.1 m/s (9.3 mph) gusting to 11.3 m/s (25.2 mph)
pressure at 7.20 hPa",2019-02-18,9.8,-138.6,SW,9.3,25.2,7.20
"InSight sol 81 (2019-02-17), high -17/2F, low -95/-138F, pressure at 7.23hPa, winds from the WNW at 12 mph gusting to 37.8 mph

Welcome to the Mars Weather team @NASAInSight!
https://mars.nasa.gov/insight/weather/ …pic.twitter.com/SH12FvcMfv",2019-02-17,9.8,-138,WNW,,,
"InSight sol 80 (2019-02-16), high -16/3F, low -95/-139F, pressure at 7.23hPa, winds from the WNW at 10.7 mph gusting to 32.3 mph",2019-02-16,9.8,-139,WNW,,,
"InSight sol 79 (2019-02-15), high -13/8F, low -95/-138F, pressure at 7.21hPa, winds from the WNW at 9.9 mph gusting to 26.2 mph",2019-02-15,9.8,-138,WNW,,,
"InSight sol 78 (2019-02-14), high -15/4F, low -95/-138F, pressure at 7.22hPa, winds from the WNW at 10.5 mph gusting to 36.4 mph",2019-02-14,9.8,-138,WNW,,,
"InSight sol 77 (2019-02-13), high -13C/10F, low -94C/-136F, pressure at 7.21 hPa, winds from the WNW at 9 mph gusting to 26.6 mph",2019-02-13,9.8,-136,WNW,,,7.21
"Sol 2319 (2019-02-13), high -17C/1F, low -72C/-97F, pressure at 8.12 hPa, daylight 06:46-18:52pic.twitter.com/anlHR95BMs",2019-02-13,9.8,-97,,,,8.12
"Sol 2318 (2019-02-12), high -17C/1F, low -73C/-99F, pressure at 8.11 hPa, daylight 06:46-18:52",2019-02-12,9.8,-99,,,,8.11
"Sol 2317 (2019-02-11), high -16C/3F, low -73C/-99F, pressure at 8.12 hPa, daylight 06:46-18:52pic.twitter.com/D15lfEs6RN",2019-02-11,9.8,-99,,,,8.12
"Sol 2316 (2019-02-10), high -14C/6F, low -72C/-97F, pressure at 8.14 hPa, daylight 06:47-18:52",2019-02-10,9.8,-97,,,,8.14
"Sol 2315 (2019-02-09), high -17C/1F, low -71C/-95F, pressure at 8.13 hPa, daylight 06:47-18:52pic.twitter.com/xnGU2i98WB",2019-02-09,9.8,-95,,,,8.13
"Sol 2314 (2019-02-08), high -16C/3F, low -71C/-95F, pressure at 8.14 hPa, daylight 06:47-18:53",2019-02-08,9.8,-95,,,,8.14
"Sol 2313 (2019-02-07), high -14C/6F, low -71C/-95F, pressure at 8.14 hPa, daylight 06:47-18:53",2019-02-07,9.8,-95,,,,8.14
"Sol 2312 (2019-02-06), high -13C/8F, low -72C/-97F, pressure at 8.13 hPa, daylight 06:47-18:53pic.twitter.com/QpQemcmmJW",2019-02-06,9.8,-97,,,,8.13
"Sol 2311 (2019-02-05), high -11C/12F, low -73C/-99F, pressure at 8.12 hPa, daylight 06:47-18:53",2019-02-05,9.8,-99,,,,8.12
"Sol 2310 (2019-02-04), high -6C/21F, low -75C/-102F, pressure at 8.15 hPa, daylight 06:47-18:53pic.twitter.com/oRYhGR1P9C",2019-02-04,9.8,-102,,,,8.15
"Sol 2310 (2019-02-04), high -6C/21F, low -75C/-102F, pressure at 8.15 hPa, daylight 06:47-18:53pic.twitter.com/oRYhGR1P9C",2019-02-04,9.8,-102,,,,8.15
"Sol 2310 (2019-02-04), high -6C/21F, low -75C/-102F, pressure at 8.15 hPa, daylight 06:47-18:53pic.twitter.com/oRYhGR1P9C",2019-02-04,9.8,-102,,,,8.15
"Sol 2308 (2019-02-02), high -13C/8F, low -71C/-95F, pressure at 8.14 hPa, daylight 06:47-18:54pic.twitter.com/slAaFVIn0T",2019-02-02,9.8,-95,,,,8.14
"Sol 2307 (2019-02-01), high -13C/8F, low -71C/-95F, pressure at 8.14 hPa, daylight 06:47-18:54",2019-02-01,9.8,-95,,,,8.14
"Sol 2306 (2019-01-31), high -12C/10F, low -70C/-93F, pressure at 8.13 hPa, daylight 06:47-18:54",2019-01-31,9.8,-93,,,,8.13
"Sol 2305 (2019-01-30), high -4C/24F, low -73C/-99F, pressure at 8.14 hPa, daylight 06:47-18:54pic.twitter.com/OTkUTDyRpu",2019-01-30,9.8,-99,,,,8.14
"Sol 2304 (2019-01-29), high -6C/21F, low -73C/-99F, pressure at 8.14 hPa, daylight 06:47-18:54",2019-01-29,9.8,-99,,,,8.14
"Sol 2303 (2019-01-28), high -7C/19F, low -73C/-99F, pressure at 8.15 hPa, daylight 06:47-18:54pic.twitter.com/pQzgxnZgOr",2019-01-28,9.8,-99,,,,8.15
"Sol 2302 (2019-01-27), high -7C/19F, low -73C/-99F, pressure at 8.15 hPa, daylight 06:47-18:54pic.twitter.com/UGTRSsulhx",2019-01-27,9.8,-99,,,,8.15
"Sol 2301 (2019-01-26), high -17C/1F, low -73C/-99F, pressure at 8.17 hPa, daylight 06:46-18:54",2019-01-26,9.8,-99,,,,8.17
"Sol 2300 (2019-01-25), high -7C/19F, low -73C/-99F, pressure at 8.18 hPa, daylight 06:46-18:54",2019-01-25,9.8,-99,,,,8.18
"Sol 2299 (2019-01-24), high -5C/23F, low -74C/-101F, pressure at 8.18 hPa, daylight 06:46-18:55pic.twitter.com/UNiNdu3U8t",2019-01-24,9.8,-101,,,,8.18
"Sol 2298 (2019-01-23), high -9C/15F, low -71C/-95F, pressure at 8.17 hPa, daylight 06:46-18:55pic.twitter.com/HNaq1Rjsoq",2019-01-23,9.8,-95,,,,8.17
"Sol 2297 (2019-01-22), high -12C/10F, low -70C/-93F, pressure at 8.18 hPa, daylight 06:46-18:55pic.twitter.com/tmno8rlhC0",2019-01-22,9.8,-93,,,,8.18
"Sol 2296 (2019-01-21), high -7C/19F, low -73C/-99F, pressure at 8.17 hPa, daylight 06:46-18:55",2019-01-21,9.8,-99,,,,8.17
"Sol 2295 (2019-01-20), high -8C/17F, low -68C/-90F, pressure at 8.20 hPa, daylight 06:46-18:55",2019-01-20,9.8,-90,,,,8.20
"Sol 2294 (2019-01-19), high -8C/17F, low -70C/-93F, pressure at 8.20 hPa, daylight 06:46-18:55",2019-01-19,9.8,-93,,,,8.20
"Sol 2293 (2019-01-18), high -9C/15F, low -69C/-92F, pressure at 8.21 hPa, daylight 06:46-18:55",2019-01-18,9.8,-92,,,,8.21
"Sol 2292 (2019-01-17), high -7C/19F, low -72C/-97F, pressure at 8.24 hPa, daylight 06:46-18:55",2019-01-17,9.8,-97,,,,8.24
"Sol 2291 (2019-01-16), high -8C/17F, low -70C/-93F, pressure at 8.23 hPa, daylight 06:46-18:55pic.twitter.com/IRiqxlJqvT",2019-01-16,9.8,-93,,,,8.23
"Sol 2290 (2019-01-15), high -10C/14F, low -69C/-92F, pressure at 8.21 hPa, daylight 06:45-18:55",2019-01-15,9.8,-92,,,,8.21
"Sol 2289 (2019-01-14), high -8C/17F, low -69C/-92F, pressure at 8.22 hPa, daylight 06:45-18:55pic.twitter.com/bn5wByHaxf",2019-01-14,9.8,-92,,,,8.22
"Sol 2288 (2019-01-12), high -7C/19F, low -68C/-90F, pressure at 8.23 hPa, daylight 06:45-18:55pic.twitter.com/Or8q1l3tka",2019-01-12,9.8,-90,,,,8.23
"Sol 2287 (2019-01-11), high -7C/19F, low -69C/-92F, pressure at 8.21 hPa, daylight 06:45-18:55",2019-01-11,9.8,-92,,,,8.21
"Sol 2286 (2019-01-10), high -8C/17F, low -68C/-90F, pressure at 8.22 hPa, daylight 06:45-18:55",2019-01-10,9.8,-90,,,,8.22
"Sol 2285 (2019-01-09), high -8C/17F, low -69C/-92F, pressure at 8.23 hPa, daylight 06:45-18:55",2019-01-09,9.8,-92,,,,8.23
"Sol 2284 (2019-01-08), high -7C/19F, low -70C/-93F, pressure at 8.29 hPa, daylight 06:44-18:55",2019-01-08,9.8,-93,,,,8.29
"Sol 2283 (2019-01-07), high -9C/15F, low -71C/-95F, pressure at 8.25 hPa, daylight 06:44-18:55",2019-01-07,9.8,-95,,,,8.25
"Sol 2282 (2019-01-06), high -5C/23F, low -71C/-95F, pressure at 8.30 hPa, daylight 06:44-18:55",2019-01-06,9.8,-95,,,,8.30
"Sol 2281 (2019-01-05), high -6C/21F, low -71C/-95F, pressure at 8.26 hPa, daylight 06:44-18:55",2019-01-05,9.8,-95,,,,8.26
"Sol 2280 (2019-01-04), high -9C/15F, low -71C/-95F, pressure at 8.34 hPa, daylight 06:44-18:55",2019-01-04,9.8,-95,,,,8.34
"Sol 2279 (2019-01-03), high -8C/17F, low -71C/-95F, pressure at 8.30 hPa, daylight 06:43-18:55",2019-01-03,9.8,-95,,,,8.30
"Sol 2278 (2019-01-02), high -5C/23F, low -71C/-95F, pressure at 8.28 hPa, daylight 06:43-18:54",2019-01-02,9.8,-95,,,,8.28
"Sol 2277 (2019-01-01), high -5C/23F, low -71C/-95F, pressure at 8.31 hPa, daylight 06:43-18:54",2019-01-01,9.8,-95,,,,8.31
"Sol 2276 (2018-12-31), high -6C/21F, low -70C/-93F, pressure at 8.30 hPa, daylight 06:43-18:54",2018-12-31,9.8,-93,,,,8.30
"Sol 2276 (2018-12-31), high -6C/21F, low -70C/-93F, pressure at 8.30 hPa, daylight 06:43-18:54",2018-12-31,9.8,-93,,,,8.30
"Sol 2276 (2018-12-31), high -6C/21F, low -70C/-93F, pressure at 8.30 hPa, daylight 06:43-18:54",2018-12-31,9.8,-93,,,,8.30
"Sol 2273 (2018-12-28), high -5C/23F, low -71C/-95F, pressure at 8.34 hPa, daylight 06:42-18:54",2018-12-28,9.8,-95,,,,8.34
"Sol 2272 (2018-12-27), high -4C/24F, low -73C/-99F, pressure at 8.31 hPa, daylight 06:42-18:54",2018-12-27,9.8,-99,,,,8.31
"Sol 2271 (2018-12-26), high -7C/19F, low -70C/-93F, pressure at 8.31 hPa, daylight 06:41-18:54",2018-12-26,9.8,-93,,,,8.31
"Sol 2270 (2018-12-25), high -5C/23F, low -75C/-102F, pressure at 8.35 hPa, daylight 06:41-18:53",2018-12-25,9.8,-102,,,,8.35
"Sol 2269 (2018-12-24), high -4C/24F, low -75C/-102F, pressure at 8.29 hPa, daylight 06:41-18:53",2018-12-24,9.8,-102,,,,8.29
"Sol 2268 (2018-12-23), high -10C/14F, low -74C/-101F, pressure at 8.36 hPa, daylight 06:40-18:53",2018-12-23,9.8,-101,,,,8.36
"Sol 2267 (2018-12-22), high -5C/23F, low -73C/-99F, pressure at 8.30 hPa, daylight 06:40-18:53",2018-12-22,9.8,-99,,,,8.30
"Sol 2266 (2018-12-21), high -7C/19F, low -71C/-95F, pressure at 8.36 hPa, daylight 06:40-18:53",2018-12-21,9.8,-95,,,,8.36
"Sol 2265 (2018-12-20), high -5C/23F, low -71C/-95F, pressure at 8.36 hPa, daylight 06:39-18:52",2018-12-20,9.8,-95,,,,8.36
"Sol 2264 (2018-12-19), high -6C/21F, low -71C/-95F, pressure at 8.33 hPa, daylight 06:39-18:52",2018-12-19,9.8,-95,,,,8.33
"Sol 2263 (2018-12-18), high -7C/19F, low -74C/-101F, pressure at 8.38 hPa, daylight 06:39-18:52",2018-12-18,9.8,-101,,,,8.38
"Sol 2261 (2018-12-16), high -7C/19F, low -70C/-93F, pressure at 8.39 hPa, daylight 06:38-18:51",2018-12-16,9.8,-93,,,,8.39
"Sol 2258 (2018-12-13), high -6C/21F, low -70C/-93F, pressure at 8.41 hPa, daylight 06:37-18:51",2018-12-13,9.8,-93,,,,8.41
"Sol 2257 (2018-12-12), high -4C/24F, low -72C/-97F, pressure at 8.36 hPa, daylight 06:36-18:50",2018-12-12,9.8,-97,,,,8.36
"Sol 2256 (2018-12-11), high -11C/12F, low -70C/-93F, pressure at 8.43 hPa, daylight 06:36-18:50",2018-12-11,9.8,-93,,,,8.43
"Sol 2255 (2018-12-10), high -11C/12F, low -71C/-95F, pressure at 8.41 hPa, daylight 06:36-18:50",2018-12-10,9.8,-95,,,,8.41
"Sol 2254 (2018-12-09), high -13C/8F, low -71C/-95F, pressure at 8.45 hPa, daylight 06:35-18:49",2018-12-09,9.8,-95,,,,8.45
"Sol 2253 (2018-12-08), high -15C/5F, low -70C/-93F, pressure at 8.45 hPa, daylight 06:35-18:49",2018-12-08,9.8,-93,,,,8.45
"Sol 2252 (2018-12-07), high -15C/5F, low -72C/-97F, pressure at 8.40 hPa, daylight 06:34-18:49",2018-12-07,9.8,-97,,,,8.40
"Sol 2251 (2018-12-05), high -15C/5F, low -74C/-101F, pressure at 8.47 hPa, daylight 06:34-18:48",2018-12-05,9.8,-101,,,,8.47
"Sol 2250 (2018-12-04), high -14C/6F, low -70C/-93F, pressure at 8.42 hPa, daylight 06:33-18:48",2018-12-04,9.8,-93,,,,8.42
"Sol 2249 (2018-12-03), high -4C/24F, low -70C/-93F, pressure at 8.46 hPa, daylight 06:33-18:48",2018-12-03,9.8,-93,,,,8.46
"Sol 2248 (2018-12-02), high 1C/33F, low -71C/-95F, pressure at 8.46 hPa, daylight 06:32-18:47",2018-12-02,9.8,-95,,,,8.46
"Sol 2247 (2018-12-01), high -4C/24F, low -70C/-93F, pressure at 8.44 hPa, daylight 06:32-18:47",2018-12-01,9.8,-93,,,,8.44
"Sol 2246 (2018-11-30), high 2C/35F, low -71C/-95F, pressure at 8.48 hPa, daylight 06:31-18:47",2018-11-30,9.8,-95,,,,8.48
"Sol 2245 (2018-11-29), high -7C/19F, low -70C/-93F, pressure at 8.45 hPa, daylight 06:31-18:46",2018-11-29,9.8,-93,,,,8.45
"Sol 2244 (2018-11-28), high -5C/23F, low -70C/-93F, pressure at 8.49 hPa, daylight 06:30-18:46",2018-11-28,9.8,-93,,,,8.49
"Sol 2243 (2018-11-27), high -3C/26F, low -70C/-93F, pressure at 8.48 hPa, daylight 06:30-18:45",2018-11-27,9.8,-93,,,,8.48
"Sol 2242 (2018-11-26), high -2C/28F, low -70C/-93F, pressure at 8.48 hPa, daylight 06:29-18:45",2018-11-26,9.8,-93,,,,8.48
"Sol 2241 (2018-11-25), high -2C/28F, low -70C/-93F, pressure at 8.50 hPa, daylight 06:29-18:45",2018-11-25,9.8,-93,,,,8.50
"Sol 2240 (2018-11-24), high 0C/32F, low -70C/-93F, pressure at 8.49 hPa, daylight 06:28-18:44",2018-11-24,9.8,-93,,,,8.49
"Sol 2239 (2018-11-23), high -2C/28F, low -70C/-93F, pressure at 8.52 hPa, daylight 06:28-18:44",2018-11-23,9.8,-93,,,,8.52
"Sol 2238 (2018-11-22), high -2C/28F, low -69C/-92F, pressure at 8.53 hPa, daylight 06:27-18:43",2018-11-22,9.8,-92,,,,8.53
"Sol 2237 (2018-11-21), high -3C/26F, low -70C/-93F, pressure at 8.54 hPa, daylight 06:27-18:43",2018-11-21,9.8,-93,,,,8.54
"Sol 2236 (2018-11-20), high -3C/26F, low -71C/-95F, pressure at 8.57 hPa, daylight 06:26-18:42",2018-11-20,9.8,-95,,,,8.57
"Sol 2235 (2018-11-19), high 2C/35F, low -70C/-93F, pressure at 8.53 hPa, daylight 06:25-18:42",2018-11-19,9.8,-93,,,,8.53
"Sol 2234 (2018-11-18), high 2C/35F, low -70C/-93F, pressure at 8.57 hPa, daylight 06:25-18:41",2018-11-18,9.8,-93,,,,8.57
"Sol 2233 (2018-11-17), high -4C/24F, low -72C/-97F, pressure at 8.61 hPa, daylight 06:24-18:41",2018-11-17,9.8,-97,,,,8.61
"Sol 2232 (2018-11-16), high -3C/26F, low -73C/-99F, pressure at 8.58 hPa, daylight 06:24-18:40",2018-11-16,9.8,-99,,,,8.58
"Sol 2231 (2018-11-15), high -10C/14F, low -73C/-99F, pressure at 8.60 hPa, daylight 06:23-18:40",2018-11-15,9.8,-99,,,,8.60
"Sol 2230 (2018-11-14), high -5C/23F, low -72C/-97F, pressure at 8.59 hPa, daylight 06:22-18:39",2018-11-14,9.8,-97,,,,8.59
"Sol 2229 (2018-11-13), high -2C/28F, low -71C/-95F, pressure at 8.62 hPa, daylight 06:22-18:39",2018-11-13,9.8,-95,,,,8.62
"Sol 2228 (2018-11-12), high -31C/-23F, low -71C/-95F, pressure at 8.84 hPa, daylight 06:21-18:38",2018-11-12,9.8,-95,,,,8.84
"Sol 2227 (2018-11-11), high -3C/26F, low -72C/-97F, pressure at 8.63 hPa, daylight 06:21-18:38",2018-11-11,9.8,-97,,,,8.63
"Sol 2226 (2018-11-10), high -4C/24F, low -73C/-99F, pressure at 8.63 hPa, daylight 06:20-18:37",2018-11-10,9.8,-99,,,,8.63
"Sol 2225 (2018-11-09), high 1C/33F, low -71C/-95F, pressure at 8.64 hPa, daylight 06:19-18:36",2018-11-09,9.8,-95,,,,8.64
"Sol 2224 (2018-11-08), high 0C/32F, low -72C/-97F, pressure at 8.65 hPa, daylight 06:19-18:36",2018-11-08,9.8,-97,,,,8.65
"Sol 2223 (2018-11-07), high 2C/35F, low -64C/-83F, pressure at 8.50 hPa, daylight 06:18-18:35",2018-11-07,9.8,-83,,,,8.50
"Sol 2222 (2018-11-06), high -3C/26F, low -70C/-93F, pressure at 8.65 hPa, daylight 06:17-18:35",2018-11-06,9.8,-93,,,,8.65
"Sol 2221 (2018-11-05), high -4C/24F, low -70C/-93F, pressure at 8.65 hPa, daylight 06:17-18:34",2018-11-05,9.8,-93,,,,8.65
"Sol 2220 (2018-11-04), high -10C/14F, low -73C/-99F, pressure at 8.66 hPa, daylight 06:16-18:33",2018-11-04,9.8,-99,,,,8.66
"Sol 2219 (2018-11-03), high -7C/19F, low -71C/-95F, pressure at 8.68 hPa, daylight 06:15-18:33",2018-11-03,9.8,-95,,,,8.68
"Sol 2218 (2018-11-02), high -7C/19F, low -71C/-95F, pressure at 8.66 hPa, daylight 06:15-18:32",2018-11-02,9.8,-95,,,,8.66
"Sol 2217 (2018-11-01), high -13C/8F, low -71C/-95F, pressure at 8.68 hPa, daylight 06:14-18:32",2018-11-01,9.8,-95,,,,8.68
"Sol 2216 (2018-10-31), high -12C/10F, low -69C/-92F, pressure at 8.68 hPa, daylight 06:13-18:31",2018-10-31,9.8,-92,,,,8.68
"Sol 2214 (2018-10-28), high -13C/8F, low -73C/-99F, pressure at 8.72 hPa, daylight 06:12-18:30",2018-10-28,9.8,-99,,,,8.72
"Sol 2213 (2018-10-27), high -12C/10F, low -70C/-93F, pressure at 8.74 hPa, daylight 06:11-18:29",2018-10-27,9.8,-93,,,,8.74
"Sol 2212 (2018-10-26), high -13C/8F, low -71C/-95F, pressure at 8.77 hPa, daylight 06:11-18:28",2018-10-26,9.8,-95,,,,8.77
"Sol 2211 (2018-10-25), high -13C/8F, low -71C/-95F, pressure at 8.76 hPa, daylight 06:10-18:28",2018-10-25,9.8,-95,,,,8.76
"Sol 2210 (2018-10-24), high -11C/12F, low -74C/-101F, pressure at 8.77 hPa, daylight 06:09-18:27",2018-10-24,9.8,-101,,,,8.77
"Sol 2209 (2018-10-23), high -18C/0F, low -73C/-99F, pressure at 8.79 hPa, daylight 06:09-18:26",2018-10-23,9.8,-99,,,,8.79
"Sol 2208 (2018-10-22), high -18C/0F, low -75C/-102F, pressure at 8.80 hPa, daylight 06:08-18:26",2018-10-22,9.8,-102,,,,8.80
"Sol 2207 (2018-10-21), high -14C/6F, low -72C/-97F, pressure at 8.81 hPa, daylight 06:07-18:25",2018-10-21,9.8,-97,,,,8.81
"Sol 2206 (2018-10-20), high -14C/6F, low -74C/-101F, pressure at 8.81 hPa, daylight 06:06-18:24",2018-10-20,9.8,-101,,,,8.81
"Sol 2205 (2018-10-19), high -13C/8F, low -70C/-93F, pressure at 8.80 hPa, daylight 06:06-18:24",2018-10-19,9.8,-93,,,,8.80
"Sol 2204 (2018-10-18), high -14C/6F, low -56C/-68F, pressure at 8.54 hPa, daylight 06:05-18:23",2018-10-18,9.8,-68,,,,8.54
"Sol 2173 (2018-09-16), high -14C/6F, low -65C/-84F, pressure at 8.93 hPa, daylight 05:44-18:01",2018-09-16,9.8,-84,,,,8.93
"Sol 2172 (2018-09-15), high -14C/6F, low -73C/-99F, pressure at 8.93 hPa, daylight 05:43-18:00",2018-09-15,9.8,-99,,,,8.93
"Sol 2171 (2018-09-14), high -12C/10F, low -65C/-84F, pressure at 8.79 hPa, daylight 05:43-17:59",2018-09-14,9.8,-84,,,,8.79
"Sol 2170 (2018-09-13), high -12C/10F, low -68C/-90F, pressure at 8.86 hPa, daylight 05:42-17:59",2018-09-13,9.8,-90,,,,8.86
"Sol 2169 (2018-09-12), high -10C/14F, low -70C/-93F, pressure at 8.82 hPa, daylight 05:41-17:58",2018-09-12,9.8,-93,,,,8.82
"Sol 2168 (2018-09-11), high -13C/8F, low -69C/-92F, pressure at 8.99 hPa, daylight 05:41-17:57",2018-09-11,9.8,-92,,,,8.99
"Sol 2167 (2018-09-10), high -12C/10F, low -73C/-99F, pressure at 8.85 hPa, daylight 05:40-17:57",2018-09-10,9.8,-99,,,,8.85
"Sol 2166 (2018-09-09), high -10C/14F, low -72C/-97F, pressure at 8.87 hPa, daylight 05:40-17:56",2018-09-09,9.8,-97,,,,8.87
"Sol 2165 (2018-09-08), high -10C/14F, low -70C/-93F, pressure at 8.87 hPa, daylight 05:39-17:55",2018-09-08,9.8,-93,,,,8.87
"Sol 2164 (2018-09-07), high -8C/17F, low -68C/-90F, pressure at 8.86 hPa, daylight 05:39-17:55",2018-09-07,9.8,-90,,,,8.86
"Sol 2163 (2018-09-06), high -5C/23F, low -70C/-93F, pressure at 8.86 hPa, daylight 05:38-17:54",2018-09-06,9.8,-93,,,,8.86
"Sol 2162 (2018-09-05), high -5C/23F, low -69C/-92F, pressure at 8.85 hPa, daylight 05:37-17:53",2018-09-05,9.8,-92,,,,8.85
"Sol 2159 (2018-09-02), high -10C/14F, low -68C/-90F, pressure at 8.83 hPa, daylight 05:36-17:51",2018-09-02,9.8,-90,,,,8.83
"Sol 2158 (2018-09-01), high -7C/19F, low -67C/-88F, pressure at 8.80 hPa, daylight 05:35-17:51",2018-09-01,9.8,-88,,,,8.80
"Sol 2157 (2018-08-31), high -5C/23F, low -67C/-88F, pressure at 8.77 hPa, daylight 05:35-17:50",2018-08-31,9.8,-88,,,,8.77
"Sol 2156 (2018-08-30), high -6C/21F, low -71C/-95F, pressure at 8.79 hPa, daylight 05:34-17:49",2018-08-30,9.8,-95,,,,8.79
"Sol 2155 (2018-08-29), high -12C/10F, low -76C/-104F, pressure at 8.78 hPa, daylight 05:34-17:49",2018-08-29,9.8,-104,,,,8.78
"Sol 2154 (2018-08-28), high -10C/14F, low -73C/-99F, pressure at 8.78 hPa, daylight 05:33-17:48",2018-08-28,9.8,-99,,,,8.78
"Sol 2153 (2018-08-27), high -10C/14F, low -68C/-90F, pressure at 8.80 hPa, daylight 05:33-17:47",2018-08-27,9.8,-90,,,,8.80
"Sol 2152 (2018-08-26), high -10C/14F, low -69C/-92F, pressure at 8.78 hPa, daylight 05:32-17:47",2018-08-26,9.8,-92,,,,8.78
"Sol 2151 (2018-08-25), high -12C/10F, low -66C/-86F, pressure at 8.76 hPa, daylight 05:32-17:46",2018-08-25,9.8,-86,,,,8.76
"Sol 2150 (2018-08-24), high -11C/12F, low -68C/-90F, pressure at 8.74 hPa, daylight 05:31-17:46",2018-08-24,9.8,-90,,,,8.74
"Sol 2149 (2018-08-23), high -10C/14F, low -68C/-90F, pressure at 8.74 hPa, daylight 05:31-17:45",2018-08-23,9.8,-90,,,,8.74
"Sol 2148 (2018-08-22), high -13C/8F, low -67C/-88F, pressure at 8.72 hPa, daylight 05:30-17:44",2018-08-22,9.8,-88,,,,8.72
"Sol 2147 (2018-08-21), high -15C/5F, low -68C/-90F, pressure at 8.70 hPa, daylight 05:30-17:44",2018-08-21,9.8,-90,,,,8.70
"Sol 2146 (2018-08-20), high -10C/14F, low -67C/-88F, pressure at 8.70 hPa, daylight 05:29-17:43",2018-08-20,9.8,-88,,,,8.70
"Sol 2145 (2018-08-19), high -10C/14F, low -66C/-86F, pressure at 8.68 hPa, daylight 05:29-17:43",2018-08-19,9.8,-86,,,,8.68
"Sol 2144 (2018-08-18), high -11C/12F, low -67C/-88F, pressure at 8.67 hPa, daylight 05:29-17:42",2018-08-18,9.8,-88,,,,8.67
"Sol 2143 (2018-08-17), high -12C/10F, low -71C/-95F, pressure at 8.65 hPa, daylight 05:28-17:42",2018-08-17,9.8,-95,,,,8.65
"Sol 2142 (2018-08-15), high -10C/14F, low -71C/-95F, pressure at 8.65 hPa, daylight 05:28-17:41",2018-08-15,9.8,-95,,,,8.65
"Sol 2141 (2018-08-14), high -17C/1F, low -66C/-86F, pressure at 8.63 hPa, daylight 05:27-17:41",2018-08-14,9.8,-86,,,,8.63
"Sol 2140 (2018-08-13), high -10C/14F, low -70C/-93F, pressure at 8.58 hPa, daylight 05:27-17:40",2018-08-13,9.8,-93,,,,8.58
"Sol 2139 (2018-08-12), high -11C/12F, low -70C/-93F, pressure at 8.57 hPa, daylight 05:27-17:40",2018-08-12,9.8,-93,,,,8.57
"Sol 2138 (2018-08-11), high -16C/3F, low -68C/-90F, pressure at 8.58 hPa, daylight 05:26-17:39",2018-08-11,9.8,-90,,,,8.58
"Sol 2137 (2018-08-10), high -13C/8F, low -66C/-86F, pressure at 8.57 hPa, daylight 05:26-17:38",2018-08-10,9.8,-86,,,,8.57
"Sol 2136 (2018-08-09), high -13C/8F, low -66C/-86F, pressure at 8.56 hPa, daylight 05:26-17:38",2018-08-09,9.8,-86,,,,8.56
"Sol 2135 (2018-08-08), high -15C/5F, low -66C/-86F, pressure at 8.54 hPa, daylight 05:25-17:37",2018-08-08,9.8,-86,,,,8.54
"Sol 2134 (2018-08-07), high -14C/6F, low -65C/-84F, pressure at 8.51 hPa, daylight 05:25-17:37",2018-08-07,9.8,-84,,,,8.51
"Sol 2133 (2018-08-06), high -18C/0F, low -65C/-84F, pressure at 8.49 hPa, daylight 05:24-17:37",2018-08-06,9.8,-84,,,,8.49
"Sol 2132 (2018-08-05), high -16C/3F, low -69C/-92F, pressure at 8.47 hPa, daylight 05:24-17:36",2018-08-05,9.8,-92,,,,8.47
"Sol 2131 (2018-08-04), high -21C/-5F, low -67C/-88F, pressure at 8.46 hPa, daylight 05:24-17:36",2018-08-04,9.8,-88,,,,8.46
"Sol 2130 (2018-08-03), high -18C/0F, low -62C/-79F, pressure at 8.44 hPa, daylight 05:24-17:35",2018-08-03,9.8,-79,,,,8.44
"Sol 2129 (2018-08-02), high -21C/-5F, low -66C/-86F, pressure at 8.43 hPa, daylight 05:23-17:35",2018-08-02,9.8,-86,,,,8.43
"Sol 2128 (2018-08-01), high -20C/-3F, low -65C/-84F, pressure at 8.41 hPa, daylight 05:23-17:34",2018-08-01,9.8,-84,,,,8.41
"Sol 2127 (2018-07-31), high -18C/0F, low -69C/-92F, pressure at 8.38 hPa, daylight 05:23-17:34",2018-07-31,9.8,-92,,,,8.38
"Sol 2126 (2018-07-30), high -18C/0F, low -63C/-81F, pressure at 8.37 hPa, daylight 05:22-17:33",2018-07-30,9.8,-81,,,,8.37
"Sol 2126 (2018-07-30), high -18C/0F, low -63C/-81F, pressure at 8.37 hPa, daylight 05:22-17:33",2018-07-30,9.8,-81,,,,8.37
"Sol 2126 (2018-07-30), high -18C/0F, low -63C/-81F, pressure at 8.37 hPa, daylight 05:22-17:33",2018-07-30,9.8,-81,,,,8.37
"Sol 2123 (2018-07-27), high -18C/0F, low -68C/-90F, pressure at 8.31 hPa, daylight 05:22-17:32",2018-07-27,9.8,-90,,,,8.31
"Sol 2122 (2018-07-26), high -14C/6F, low -63C/-81F, pressure at 8.30 hPa, daylight 05:21-17:32",2018-07-26,9.8,-81,,,,8.30
"Sol 2121 (2018-07-25), high -18C/0F, low -62C/-79F, pressure at 8.29 hPa, daylight 05:21-17:31",2018-07-25,9.8,-79,,,,8.29
"Sol 2120 (2018-07-24), high -16C/3F, low -67C/-88F, pressure at 8.28 hPa, daylight 05:21-17:31",2018-07-24,9.8,-88,,,,8.28
"Sol 2119 (2018-07-23), high -16C/3F, low -69C/-92F, pressure at 8.24 hPa, daylight 05:21-17:31",2018-07-23,9.8,-92,,,,8.24
"Sol 2118 (2018-07-22), high -19C/-2F, low -68C/-90F, pressure at 8.22 hPa, daylight 05:20-17:30",2018-07-22,9.8,-90,,,,8.22
"Sol 2117 (2018-07-21), high -19C/-2F, low -64C/-83F, pressure at 8.22 hPa, daylight 05:20-17:30",2018-07-21,9.8,-83,,,,8.22
"Sol 2116 (2018-07-20), high -21C/-5F, low -62C/-79F, pressure at 8.20 hPa, daylight 05:20-17:30",2018-07-20,9.8,-79,,,,8.20
"Sol 2115 (2018-07-19), high -21C/-5F, low -61C/-77F, pressure at 8.18 hPa, daylight 05:20-17:29",2018-07-19,9.8,-77,,,,8.18
"Sol 2114 (2018-07-18), high -19C/-2F, low -61C/-77F, pressure at 8.16 hPa, daylight 05:20-17:29",2018-07-18,9.8,-77,,,,8.16
"Sol 2113 (2018-07-17), high -20C/-3F, low -62C/-79F, pressure at 8.15 hPa, daylight 05:20-17:28",2018-07-17,9.8,-79,,,,8.15
"Sol 2112 (2018-07-16), high -20C/-3F, low -63C/-81F, pressure at 8.13 hPa, daylight 05:19-17:28",2018-07-16,9.8,-81,,,,8.13
"Sol 2111 (2018-07-15), high -20C/-3F, low -67C/-88F, pressure at 8.13 hPa, daylight 05:19-17:28",2018-07-15,9.8,-88,,,,8.13
"Sol 2110 (2018-07-14), high -20C/-3F, low -59C/-74F, pressure at 8.10 hPa, daylight 05:19-17:28",2018-07-14,9.8,-74,,,,8.10
"Sol 2109 (2018-07-13), high -22C/-7F, low -66C/-86F, pressure at 8.09 hPa, daylight 05:19-17:27",2018-07-13,9.8,-86,,,,8.09
"Sol 2108 (2018-07-12), Sunny, high -24C/-11F, low -65C/-84F, pressure at 8.06 hPa, daylight 05:19-17:27",2018-07-12,9.8,-84,,,,8.06
"Sol 2107 (2018-07-11), Sunny, high -21C/-5F, low -65C/-84F, pressure at 8.07 hPa, daylight 05:19-17:27",2018-07-11,9.8,-84,,,,8.07
"Sol 2106 (2018-07-09), Sunny, high -27C/-16F, low -59C/-74F, pressure at 8.06 hPa, daylight 05:19-17:26",2018-07-09,9.8,-74,,,,8.06
"Sol 2105 (2018-07-08), Sunny, high -25C/-12F, low -61C/-77F, pressure at 8.02 hPa, daylight 05:18-17:26",2018-07-08,9.8,-77,,,,8.02
"Sol 2104 (2018-07-07), Sunny, high -23C/-9F, low -59C/-74F, pressure at 7.97 hPa, daylight 05:18-17:26",2018-07-07,9.8,-74,,,,7.97
"Sol 2103 (2018-07-06), Sunny, high -26C/-14F, low -58C/-72F, pressure at 7.97 hPa, daylight 05:18-17:26",2018-07-06,9.8,-72,,,,7.97
"Sol 2102 (2018-07-05), Sunny, high -22C/-7F, low -60C/-75F, pressure at 7.97 hPa, daylight 05:18-17:25",2018-07-05,9.8,-75,,,,7.97
"Sol 2101 (2018-07-04), Sunny, high -23C/-9F, low -61C/-77F, pressure at 7.96 hPa, daylight 05:18-17:25",2018-07-04,9.8,-77,,,,7.96
"Sol 2100 (2018-07-03), Sunny, high -29C/-20F, low -61C/-77F, pressure at 7.97 hPa, daylight 05:18-17:25",2018-07-03,9.8,-77,,,,7.97
"Sol 2099 (2018-07-02), Sunny, high -25C/-12F, low -61C/-77F, pressure at 7.91 hPa, daylight 05:18-17:25",2018-07-02,9.8,-77,,,,7.91
"Sol 2098 (2018-07-01), Sunny, high -23C/-9F, low -61C/-77F, pressure at 7.91 hPa, daylight 05:18-17:24",2018-07-01,9.8,-77,,,,7.91
"Sol 2097 (2018-06-30), Sunny, high -23C/-9F, low -60C/-75F, pressure at 7.89 hPa, daylight 05:18-17:24",2018-06-30,9.8,-75,,,,7.89
"Sol 2096 (2018-06-29), Sunny, high -22C/-7F, low -63C/-81F, pressure at 7.88 hPa, daylight 05:18-17:24",2018-06-29,9.8,-81,,,,7.88
"Sol 2095 (2018-06-28), Sunny, high -25C/-12F, low -61C/-77F, pressure at 7.84 hPa, daylight 05:18-17:24",2018-06-28,9.8,-77,,,,7.84
"Sol 2094 (2018-06-27), Sunny, high -27C/-16F, low -61C/-77F, pressure at 7.83 hPa, daylight 05:18-17:24",2018-06-27,9.8,-77,,,,7.83
"Sol 2093 (2018-06-26), Sunny, high -24C/-11F, low -63C/-81F, pressure at 7.80 hPa, daylight 05:18-17:23",2018-06-26,9.8,-81,,,,7.80
"Sol 2092 (2018-06-25), Sunny, high -24C/-11F, low -67C/-88F, pressure at 7.81 hPa, daylight 05:18-17:23",2018-06-25,9.8,-88,,,,7.81
"Sol 2091 (2018-06-24), Sunny, high -22C/-7F, low -63C/-81F, pressure at 7.79 hPa, daylight 05:18-17:23",2018-06-24,9.8,-81,,,,7.79
"Sol 2090 (2018-06-23), Sunny, high -23C/-9F, low -61C/-77F, pressure at 7.78 hPa, daylight 05:18-17:23",2018-06-23,9.8,-77,,,,7.78
"Sol 2089 (2018-06-22), Sunny, high -26C/-14F, low -59C/-74F, pressure at 7.79 hPa, daylight 05:18-17:23",2018-06-22,9.8,-74,,,,7.79
"Sol 2088 (2018-06-21), Sunny, high -24C/-11F, low -58C/-72F, pressure at 7.78 hPa, daylight 05:18-17:22",2018-06-21,9.8,-72,,,,7.78
"Sol 2087 (2018-06-20), Sunny, high -28C/-18F, low -59C/-74F, pressure at 7.80 hPa, daylight 05:18-17:22",2018-06-20,9.8,-74,,,,7.80
"Sol 2086 (2018-06-19), Sunny, high -25C/-12F, low -57C/-70F, pressure at 7.76 hPa, daylight 05:18-17:22",2018-06-19,9.8,-70,,,,7.76
"Sol 2085 (2018-06-18), Sunny, high -24C/-11F, low -57C/-70F, pressure at 7.72 hPa, daylight 05:18-17:22",2018-06-18,9.8,-70,,,,7.72
"Sol 2084 (2018-06-17), Sunny, high -21C/-5F, low -65C/-84F, pressure at 7.71 hPa, daylight 05:18-17:22",2018-06-17,9.8,-84,,,,7.71
"Sol 2083 (2018-06-16), Sunny, high -14C/6F, low -63C/-81F, pressure at 7.69 hPa, daylight 05:18-17:22",2018-06-16,9.8,-81,,,,7.69
"Sol 2082 (2018-06-15), Sunny, high -15C/5F, low -64C/-83F, pressure at 7.68 hPa, daylight 05:18-17:22",2018-06-15,9.8,-83,,,,7.68
"Sol 2081 (2018-06-14), Sunny, high -3C/26F, low -69C/-92F, pressure at 7.70 hPa, daylight 05:18-17:21",2018-06-14,9.8,-92,,,,7.70
"Sol 2080 (2018-06-13), Sunny, high 2C/35F, low -67C/-88F, pressure at 7.68 hPa, daylight 05:18-17:21",2018-06-13,9.8,-88,,,,7.68
"Sol 2079 (2018-06-12), Sunny, high 2C/35F, low -68C/-90F, pressure at 7.67 hPa, daylight 05:18-17:21",2018-06-12,9.8,-90,,,,7.67
"Sol 2078 (2018-06-11), Sunny, high 1C/33F, low -73C/-99F, pressure at 7.64 hPa, daylight 05:18-17:21",2018-06-11,9.8,-99,,,,7.64
"Sol 2077 (2018-06-10), Sunny, high 0C/32F, low -69C/-92F, pressure at 7.65 hPa, daylight 05:18-17:21",2018-06-10,9.8,-92,,,,7.65
"Sol 2076 (2018-06-09), Sunny, high 3C/37F, low -71C/-95F, pressure at 7.64 hPa, daylight 05:18-17:21",2018-06-09,9.8,-95,,,,7.64
"Sol 2075 (2018-06-08), Sunny, high 3C/37F, low -69C/-92F, pressure at 7.62 hPa, daylight 05:18-17:21",2018-06-08,9.8,-92,,,,7.62
"Sol 2074 (2018-06-07), Sunny, high 6C/42F, low -70C/-93F, pressure at 7.58 hPa, daylight 05:18-17:21",2018-06-07,9.8,-93,,,,7.58
"Sol 2074 (2018-06-07), Sunny, high 6C/42F, low -70C/-93F, pressure at 7.58 hPa, daylight 05:18-17:21",2018-06-07,9.8,-93,,,,7.58
"Sol 2074 (2018-06-07), Sunny, high 6C/42F, low -70C/-93F, pressure at 7.58 hPa, daylight 05:18-17:21",2018-06-07,9.8,-93,,,,7.58
"Sol 2073 (2018-06-06), Sunny, high 7C/44F, low -74C/-101F, pressure at 7.56 hPa, daylight 05:18-17:21",2018-06-06,9.8,-101,,,,7.56
"Sol 2072 (2018-06-05), Sunny, high 6C/42F, low -71C/-95F, pressure at 7.58 hPa, daylight 05:18-17:21",2018-06-05,9.8,-95,,,,7.58
"Sol 2071 (2018-06-04), Sunny, high 4C/39F, low -71C/-95F, pressure at 7.55 hPa, daylight 05:18-17:20",2018-06-04,9.8,-95,,,,7.55
"Sol 2070 (June 02, 2018), Sunny, high 3C/37F, low -70C/-93F, pressure at 7.57 hPa, daylight 05:19-17:20","June 02, 2018",9.8,-93,,,,7.57
"Sol 2067 (May 30, 2018), Sunny, high 3C/37F, low -74C/-101F, pressure at 7.43 hPa, daylight 05:19-17:20","May 30, 2018",9.8,-101,,,,7.43
"Sol 2063 (May 26, 2018), Sunny, high 3C/37F, low -71C/-95F, pressure at 7.48 hPa, daylight 05:19-17:20","May 26, 2018",9.8,-95,,,,7.48
"Sol 2062 (May 25, 2018), Sunny, high 2C/35F, low -72C/-97F, pressure at 7.45 hPa, daylight 05:19-17:20","May 25, 2018",9.8,-97,,,,7.45
"Sol 2060 (May 23, 2018), Sunny, high 4C/39F, low -73C/-99F, pressure at 7.43 hPa, daylight 05:20-17:20","May 23, 2018",9.8,-99,,,,7.43
"Sol 2058 (May 21, 2018), Sunny, high 4C/39F, low -71C/-95F, pressure at 7.43 hPa, daylight 05:20-17:20","May 21, 2018",9.8,-95,,,,7.43
"Sol 2054 (May 17, 2018), Sunny, high 4C/39F, low -72C/-97F, pressure at 7.40 hPa, daylight 05:21-17:20","May 17, 2018",9.8,-97,,,,7.40
"Sol 2053 (May 16, 2018), Sunny, high 3C/37F, low -71C/-95F, pressure at 7.40 hPa, daylight 05:21-17:20","May 16, 2018",9.8,-95,,,,7.40
"Sol 2051 (May 14, 2018), Sunny, high 1C/33F, low -71C/-95F, pressure at 7.39 hPa, daylight 05:21-17:20","May 14, 2018",9.8,-95,,,,7.39
"Sol 2050 (May 13, 2018), Sunny, high 1C/33F, low -71C/-95F, pressure at 7.37 hPa, daylight 05:21-17:20","May 13, 2018",9.8,-95,,,,7.37
"Sol 2047 (May 10, 2018), Sunny, high 3C/37F, low -71C/-95F, pressure at 7.33 hPa, daylight 05:22-17:20","May 10, 2018",9.8,-95,,,,7.33
"Sol 2045 (May 08, 2018), Sunny, high -7C/19F, low -74C/-101F, pressure at 7.33 hPa, daylight 05:22-17:20","May 08, 2018",9.8,-101,,,,7.33
"Sol 2043 (May 06, 2018), Sunny, high -14C/6F, low -71C/-95F, pressure at 7.36 hPa, daylight 05:22-17:20","May 06, 2018",9.8,-95,,,,7.36
"Sol 2042 (May 05, 2018), Sunny, high -7C/19F, low -72C/-97F, pressure at 7.30 hPa, daylight 05:23-17:20","May 05, 2018",9.8,-97,,,,7.30
"Sol 2039 (May 02, 2018), Sunny, high 0C/32F, low -74C/-101F, pressure at 7.28 hPa, daylight 05:23-17:20","May 02, 2018",9.8,-101,,,,7.28
"Sol 2038 (May 01, 2018), Sunny, high -3C/26F, low -74C/-101F, pressure at 7.26 hPa, daylight 05:23-17:20","May 01, 2018",9.8,-101,,,,7.26
"Sol 2037 (April 30, 2018), Sunny, high -2C/28F, low -75C/-103F, pressure at 7.25 hPa, daylight 05:24-17:20","April 30, 2018",9.8,-103,,,,7.25
"Sol 2036 (April 29, 2018), Sunny, high -5C/23F, low -72C/-97F, pressure at 7.28 hPa, daylight 05:24-17:20","April 29, 2018",9.8,-97,,,,7.28
"Sol 2033 (April 25, 2018), Sunny, high -10C/14F, low -71C/-95F, pressure at 7.23 hPa, daylight 05:24-17:20","April 25, 2018",9.8,-95,,,,7.23
"Sol 2030 (April 22, 2018), Sunny, high -4C/24F, low -73C/-99F, pressure at 7.21 hPa, daylight 05:25-17:21","April 22, 2018",9.8,-99,,,,7.21
"Sol 2029 (April 21, 2018), Sunny, high -11C/12F, low -72C/-97F, pressure at 7.22 hPa, daylight 05:25-17:21","April 21, 2018",9.8,-97,,,,7.22
"Sol 2026 (April 18, 2018), Sunny, high -6C/21F, low -73C/-99F, pressure at 7.19 hPa, daylight 05:26-17:21","April 18, 2018",9.8,-99,,,,7.19
"Sol 2024 (April 16, 2018), Sunny, high -7C/19F, low -76C/-104F, pressure at 7.20 hPa, daylight 05:26-17:21","April 16, 2018",9.8,-104,,,,7.20
"Sol 2022 (April 14, 2018), Sunny, high -4C/24F, low -73C/-99F, pressure at 7.19 hPa, daylight 05:27-17:21","April 14, 2018",9.8,-99,,,,7.19
"Sol 2019 (April 11, 2018), Sunny, high -6C/21F, low -75C/-103F, pressure at 7.18 hPa, daylight 05:27-17:21","April 11, 2018",9.8,-103,,,,7.18
"Sol 2017 (April 09, 2018), Sunny, high -6C/21F, low -75C/-103F, pressure at 7.17 hPa, daylight 05:28-17:21","April 09, 2018",9.8,-103,,,,7.17
"Sol 2016 (April 08, 2018), Sunny, high -9C/15F, low -73C/-99F, pressure at 7.18 hPa, daylight 05:28-17:21","April 08, 2018",9.8,-99,,,,7.18
"Sol 2012 (April 04, 2018), Sunny, high -7C/19F, low -74C/-101F, pressure at 7.15 hPa, daylight 05:29-17:22","April 04, 2018",9.8,-101,,,,7.15
"Sol 2011 (April 03, 2018), Sunny, high -10C/14F, low -73C/-99F, pressure at 7.16 hPa, daylight 05:29-17:22","April 03, 2018",9.8,-99,,,,7.16
"Sol 2009 (April 01, 2018), Sunny, high -9C/15F, low -74C/-101F, pressure at 7.17 hPa, daylight 05:30-17:22","April 01, 2018",9.8,-101,,,,7.17
"Sol 2008 (March 31, 2018), Sunny, high -9C/15F, low -74C/-101F, pressure at 7.17 hPa, daylight 05:30-17:22","March 31, 2018",9.8,-101,,,,7.17
"Sol 2004 (March 27, 2018), Sunny, high -8C/17F, low -74C/-101F, pressure at 7.16 hPa, daylight 05:31-17:23","March 27, 2018",9.8,-101,,,,7.16
"Sol 2003 (March 26, 2018), Sunny, high -6C/21F, low -74C/-101F, pressure at 7.16 hPa, daylight 05:31-17:23","March 26, 2018",9.8,-101,,,,7.16
"Sol 2002 (March 25, 2018), Sunny, high -10C/14F, low -75C/-103F, pressure at 11.67 hPa, daylight 05:31-17:23","March 25, 2018",9.8,-103,,,,11.67
"Sol 1999 (March 22, 2018), Sunny, high -10C/14F, low -72C/-97F, pressure at 7.17 hPa, daylight 05:32-17:23","March 22, 2018",9.8,-97,,,,7.17
"Sol 1998 (March 21, 2018), Sunny, high -5C/23F, low -72C/-97F, pressure at 7.16 hPa, daylight 05:32-17:23","March 21, 2018",9.8,-97,,,,7.16
"Sol 1997 (March 19, 2018), Sunny, high -11C/12F, low -74C/-101F, pressure at 7.17 hPa, daylight 05:32-17:23","March 19, 2018",9.8,-101,,,,7.17
"Sol 1994 (March 16, 2018), Sunny, high -6C/21F, low -75C/-103F, pressure at 7.18 hPa, daylight 05:33-17:23","March 16, 2018",9.8,-103,,,,7.18
"Sol 1991 (March 13, 2018), Sunny, high -8C/17F, low -74C/-101F, pressure at 7.21 hPa, daylight 05:34-17:24","March 13, 2018",9.8,-101,,,,7.21
"Sol 1990 (March 12, 2018), Sunny, high -6C/21F, low -74C/-101F, pressure at 7.20 hPa, daylight 05:34-17:24","March 12, 2018",9.8,-101,,,,7.20
"Sol 1983 (March 05, 2018), Sunny, high -8C/17F, low -76C/-104F, pressure at 7.23 hPa, daylight 05:36-17:25","March 05, 2018",9.8,-104,,,,7.23
"Sol 1982 (March 04, 2018), Sunny, high -7C/19F, low -77C/-106F, pressure at 7.24 hPa, daylight 05:36-17:25","March 04, 2018",9.8,-106,,,,7.24
"Sol 1981 (March 03, 2018), Sunny, high -10C/14F, low -75C/-103F, pressure at 7.25 hPa, daylight 05:36-17:25","March 03, 2018",9.8,-103,,,,7.25
"Sol 1978 (Feb 28, 2018), Sunny, high -14C/6F, low -78C/-108F, pressure at 7.27 hPa, daylight 05:37-17:25","Feb 28, 2018",9.8,-108,,,,7.27
"Sol 1977 (Feb 27, 2018), Sunny, high -10C/14F, low -77C/-106F, pressure at 7.27 hPa, daylight 05:37-17:25","Feb 27, 2018",9.8,-106,,,,7.27
"Sol 1976 (Feb 26, 2018), Sunny, high -10C/14F, low -77C/-106F, pressure at 7.28 hPa, daylight 05:37-17:25","Feb 26, 2018",9.8,-106,,,,7.28
"Sol 1974 (Feb 24, 2018), Sunny, high -13C/8F, low -77C/-106F, pressure at 7.29 hPa, daylight 05:37-17:25","Feb 24, 2018",9.8,-106,,,,7.29
"Sol 1970 (Feb 20, 2018), Sunny, high -16C/3F, low -77C/-106F, pressure at 7.32 hPa, daylight 05:38-17:26","Feb 20, 2018",9.8,-106,,,,7.32
"Sol 1969 (Feb 19, 2018), Sunny, high -16C/3F, low -76C/-104F, pressure at 7.32 hPa, daylight 05:39-17:26","Feb 19, 2018",9.8,-104,,,,7.32
"Sol 1967 (Feb 17, 2018), Sunny, high -15C/5F, low -76C/-104F, pressure at 7.34 hPa, daylight 05:39-17:26","Feb 17, 2018",9.8,-104,,,,7.34
"Sol 1964 (Feb 14, 2018), Sunny, high -16C/3F, low -76C/-104F, pressure at 7.36 hPa, daylight 05:40-17:26","Feb 14, 2018",9.8,-104,,,,7.36
"Sol 1963 (Feb 13, 2018), Sunny, high -14C/6F, low -77C/-106F, pressure at 7.37 hPa, daylight 05:40-17:27","Feb 13, 2018",9.8,-106,,,,7.37
"Sol 1962 (Feb 12, 2018), Sunny, high -14C/6F, low -78C/-108F, pressure at 7.38 hPa, daylight 05:40-17:27","Feb 12, 2018",9.8,-108,,,,7.38
"Sol 1961 (Feb 11, 2018), Sunny, high -21C/-5F, low -77C/-106F, pressure at 7.42 hPa, daylight 05:40-17:27","Feb 11, 2018",9.8,-106,,,,7.42
"Sol 1958 (Feb 07, 2018), Sunny, high -14C/6F, low -77C/-106F, pressure at 7.41 hPa, daylight 05:41-17:27","Feb 07, 2018",9.8,-106,,,,7.41
"Sol 1955 (Feb 04, 2018), Sunny, high -21C/-5F, low -77C/-106F, pressure at 7.45 hPa, daylight 05:41-17:27","Feb 04, 2018",9.8,-106,,,,7.45
"Sol 1954 (Feb 03, 2018), Sunny, high -17C/1F, low -77C/-106F, pressure at 7.45 hPa, daylight 05:42-17:27","Feb 03, 2018",9.8,-106,,,,7.45
"Sol 1951 (Jan 31, 2018), Sunny, high -23C/-9F, low -77C/-106F, pressure at 7.49 hPa, daylight 05:42-17:28","Jan 31, 2018",9.8,-106,,,,7.49
"Sol 1949 (Jan 29, 2018), Sunny, high -20C/-4F, low -78C/-108F, pressure at 7.51 hPa, daylight 05:42-17:28","Jan 29, 2018",9.8,-108,,,,7.51
"Sol 1946 (Jan 26, 2018), Sunny, high -20C/-4F, low -79C/-110F, pressure at 7.53 hPa, daylight 05:43-17:28","Jan 26, 2018",9.8,-110,,,,7.53
"Sol 1945 (Jan 25, 2018), Sunny, high -22C/-7F, low -78C/-108F, pressure at 7.51 hPa, daylight 05:43-17:28","Jan 25, 2018",9.8,-108,,,,7.51
"Sol 1942 (Jan 22, 2018), Sunny, high -27C/-16F, low -78C/-108F, pressure at 7.57 hPa, daylight 05:44-17:29","Jan 22, 2018",9.8,-108,,,,7.57
"Sol 1941 (Jan 21, 2018), Sunny, high -20C/-4F, low -77C/-106F, pressure at 7.58 hPa, daylight 05:44-17:29","Jan 21, 2018",9.8,-106,,,,7.58
"Sol 1937 (Jan 17, 2018), Sunny, high -22C/-7F, low -80C/-112F, pressure at 7.63 hPa, daylight 05:45-17:29","Jan 17, 2018",9.8,-112,,,,7.63
"Sol 1935 (Jan 15, 2018), Sunny, high -21C/-5F, low -80C/-112F, pressure at 7.65 hPa, daylight 05:45-17:29","Jan 15, 2018",9.8,-112,,,,7.65
"Sol 1934 (Jan 14, 2018), Sunny, high -21C/-5F, low -79C/-110F, pressure at 7.66 hPa, daylight 05:45-17:29","Jan 14, 2018",9.8,-110,,,,7.66
"Sol 1930 (Jan 10, 2018), Sunny, high -24C/-11F, low -79C/-110F, pressure at 7.70 hPa, daylight 05:46-17:30","Jan 10, 2018",9.8,-110,,,,7.70
"Sol 1929 (Jan 09, 2018), Sunny, high -26C/-14F, low -79C/-110F, pressure at 7.71 hPa, daylight 05:46-17:30","Jan 09, 2018",9.8,-110,,,,7.71
"Sol 1927 (Jan 07, 2018), Sunny, high -24C/-11F, low -79C/-110F, pressure at 7.74 hPa, daylight 05:46-17:30","Jan 07, 2018",9.8,-110,,,,7.74
"Sol 1927 (Jan 07, 2018), Sunny, high -24C/-11F, low -79C/-110F, pressure at 7.74 hPa, daylight 05:46-17:30","Jan 07, 2018",9.8,-110,,,,7.74
"Sol 1927 (Jan 07, 2018), Sunny, high -24C/-11F, low -79C/-110F, pressure at 7.74 hPa, daylight 05:46-17:30","Jan 07, 2018",9.8,-110,,,,7.74
"Sol 1922 (Jan 01, 2018), Sunny, high -24C/-11F, low -79C/-110F, pressure at 7.80 hPa, daylight 05:47-17:31","Jan 01, 2018",9.8,-110,,,,7.80
"Sol 1917 (Dec 27, 2017), Sunny, high -19C/-2F, low -80C/-112F, pressure at 7.86 hPa, daylight 05:48-17:31","Dec 27, 2017",9.8,-112,,,,7.86
"Sol 1910 (Dec 20, 2017), Sunny, high -23C/-9F, low -80C/-112F, pressure at 7.94 hPa, daylight 05:49-17:32","Dec 20, 2017",9.8,-112,,,,7.94
"Sol 1909 (Dec 19, 2017), Sunny, high -27C/-16F, low -80C/-112F, pressure at 7.93 hPa, daylight 05:49-17:32","Dec 19, 2017",9.8,-112,,,,7.93
"Sol 1906 (Dec 16, 2017), Sunny, high -23C/-9F, low -79C/-110F, pressure at 7.99 hPa, daylight 05:50-17:32","Dec 16, 2017",9.8,-110,,,,7.99
"Sol 1904 (Dec 14, 2017), Sunny, high -27C/-16F, low -79C/-110F, pressure at 8.01 hPa, daylight 05:50-17:33","Dec 14, 2017",9.8,-110,,,,8.01
"Sol 1901 (Dec 11, 2017), Sunny, high -28C/-18F, low -81C/-113F, pressure at 8.06 hPa, daylight 05:50-17:33","Dec 11, 2017",9.8,-113,,,,8.06
"Sol 1899 (Dec 09, 2017), Sunny, high -23C/-9F, low -81C/-113F, pressure at 8.08 hPa, daylight 05:51-17:33","Dec 09, 2017",9.8,-113,,,,8.08
"Sol 1896 (Dec 06, 2017), Sunny, high -23C/-9F, low -79C/-110F, pressure at 8.12 hPa, daylight 05:51-17:34","Dec 06, 2017",9.8,-110,,,,8.12
"Sol 1894 (Dec 04, 2017), Sunny, high -28C/-18F, low -79C/-110F, pressure at 8.15 hPa, daylight 05:51-17:34","Dec 04, 2017",9.8,-110,,,,8.15
"Sol 1892 (Dec 02, 2017), Sunny, high -29C/-20F, low -81C/-113F, pressure at 8.17 hPa, daylight 05:52-17:34","Dec 02, 2017",9.8,-113,,,,8.17
"Sol 1889 (Nov 29, 2017), Sunny, high -28C/-18F, low -80C/-112F, pressure at 8.22 hPa, daylight 05:52-17:35","Nov 29, 2017",9.8,-112,,,,8.22
"Sol 1887 (Nov 26, 2017), Sunny, high -26C/-14F, low -79C/-110F, pressure at 8.24 hPa, daylight 05:52-17:35","Nov 26, 2017",9.8,-110,,,,8.24
"Sol 1880 (Nov 19, 2017), Sunny, high -30C/-22F, low -79C/-110F, pressure at 8.31 hPa, daylight 05:53-17:36","Nov 19, 2017",9.8,-110,,,,8.31
"Sol 1879 (Nov 18, 2017), Sunny, high -31C/-23F, low -79C/-110F, pressure at 8.42 hPa, daylight 05:54-17:36","Nov 18, 2017",9.8,-110,,,,8.42
"Sol 1876 (Nov 15, 2017), Sunny, high -29C/-20F, low -79C/-110F, pressure at 8.38 hPa, daylight 05:54-17:36","Nov 15, 2017",9.8,-110,,,,8.38
"Sol 1874 (Nov 13, 2017), Sunny, high -29C/-20F, low -80C/-112F, pressure at 8.40 hPa, daylight 05:54-17:37","Nov 13, 2017",9.8,-112,,,,8.40
"Sol 1871 (Nov 10, 2017), Sunny, high -30C/-22F, low -80C/-112F, pressure at 8.44 hPa, daylight 05:55-17:37","Nov 10, 2017",9.8,-112,,,,8.44
"Sol 1870 (Nov 09, 2017), Sunny, high -29C/-20F, low -81C/-113F, pressure at 8.45 hPa, daylight 05:55-17:37","Nov 09, 2017",9.8,-113,,,,8.45
"Sol 1868 (Nov 07, 2017), Sunny, high -24C/-11F, low -80C/-112F, pressure at 8.48 hPa, daylight 05:55-17:38","Nov 07, 2017",9.8,-112,,,,8.48
"Sol 1867 (Nov 06, 2017), Sunny, high -24C/-11F, low -78C/-108F, pressure at 8.48 hPa, daylight 05:55-17:38","Nov 06, 2017",9.8,-108,,,,8.48
"Sol 1865 (Nov 04, 2017), Sunny, high -31C/-23F, low -80C/-112F, pressure at 8.52 hPa, daylight 05:56-17:38","Nov 04, 2017",9.8,-112,,,,8.52
"Sol 1862 (Nov 01, 2017), Sunny, high -30C/-22F, low -81C/-113F, pressure at 8.54 hPa, daylight 05:56-17:39","Nov 01, 2017",9.8,-113,,,,8.54
"Sol 1858 (Oct 28, 2017), Sunny, high -28C/-18F, low -81C/-113F, pressure at 8.57 hPa, daylight 05:57-17:40","Oct 28, 2017",9.8,-113,,,,8.57
"Sol 1856 (Oct 26, 2017), Sunny, high -28C/-18F, low -80C/-112F, pressure at 8.59 hPa, daylight 05:57-17:40","Oct 26, 2017",9.8,-112,,,,8.59
"Sol 1853 (Oct 23, 2017), Sunny, high -32C/-25F, low -80C/-112F, pressure at 8.62 hPa, daylight 05:58-17:41","Oct 23, 2017",9.8,-112,,,,8.62
"Sol 1852 (Oct 22, 2017), Sunny, high -31C/-23F, low -80C/-112F, pressure at 8.63 hPa, daylight 05:58-17:41","Oct 22, 2017",9.8,-112,,,,8.63
"Sol 1848 (Oct 17, 2017), Sunny, high -28C/-18F, low -80C/-112F, pressure at 8.65 hPa, daylight 05:59-17:42","Oct 17, 2017",9.8,-112,,,,8.65
"Sol 1847 (Oct 16, 2017), Sunny, high -30C/-22F, low -80C/-112F, pressure at 8.66 hPa, daylight 05:59-17:42","Oct 16, 2017",9.8,-112,,,,8.66
"Sol 1844 (Oct 13, 2017), Sunny, high -28C/-18F, low -81C/-113F, pressure at 8.69 hPa, daylight 05:59-17:43","Oct 13, 2017",9.8,-113,,,,8.69
"Sol 1841 (Oct 10, 2017), Sunny, high -32C/-25F, low -77C/-106F, pressure at 8.70 hPa, daylight 06:00-17:43","Oct 10, 2017",9.8,-106,,,,8.70
"Sol 1840 (Oct 09, 2017), Sunny, high -29C/-20F, low -77C/-106F, pressure at 8.71 hPa, daylight 06:00-17:43","Oct 09, 2017",9.8,-106,,,,8.71
"Sol 1838 (Oct 07, 2017), Sunny, high -27C/-16F, low -79C/-110F, pressure at 8.72 hPa, daylight 06:00-17:44","Oct 07, 2017",9.8,-110,,,,8.72
"Sol 1838 (Oct 07, 2017), Sunny, high -27C/-16F, low -79C/-110F, pressure at 8.72 hPa, daylight 06:00-17:44","Oct 07, 2017",9.8,-110,,,,8.72
"Sol 1838 (Oct 07, 2017), Sunny, high -27C/-16F, low -79C/-110F, pressure at 8.72 hPa, daylight 06:00-17:44","Oct 07, 2017",9.8,-110,,,,8.72
"Sol 1835 (Oct 04, 2017), Sunny, high -31C/-23F, low -80C/-112F, pressure at 8.73 hPa, daylight 06:01-17:45","Oct 04, 2017",9.8,-112,,,,8.73
"Sol 1833 (Oct 02, 2017), Sunny, high -30C/-22F, low -81C/-113F, pressure at 8.75 hPa, daylight 06:01-17:45","Oct 02, 2017",9.8,-113,,,,8.75
"Sol 1832 (Oct 01, 2017), Sunny, high -30C/-22F, low -84C/-119F, pressure at 8.75 hPa, daylight 06:02-17:45","Oct 01, 2017",9.8,-119,,,,8.75
